info: cargo-llvm-cov currently setting cfg(coverage); you can opt-out it by passing --no-cfg-coverage
   Compiling zeppelin-embed v0.4.2 (/Users/aghatage/Documents/code/zeppelin-embed/crates/zeppelin-embed)
   Compiling zeppelin-embed-bench v0.4.2 (/Users/aghatage/Documents/code/zeppelin-embed/crates/zeppelin-embed-bench)
   Compiling zeppelin-embed-text v0.4.2 (/Users/aghatage/Documents/code/zeppelin-embed/crates/zeppelin-embed-text)
   Compiling mlx-sys v0.2.0
   Compiling zeppelin-embed-adversarial-oracle v0.4.2 (/Users/aghatage/Documents/code/zeppelin-embed/tests/adversarial-oracle)
   Compiling zeppelin-embed-ffi v0.4.2 (/Users/aghatage/Documents/code/zeppelin-embed/crates/zeppelin-embed-ffi)
   Compiling zeppelin-embed-workspace-tests v0.4.2 (/Users/aghatage/Documents/code/zeppelin-embed/tests)
   Compiling mlx-rs v0.25.3
    Finished `test` profile [unoptimized + debuginfo] target(s) in 33.14s
     Running unittests src/lib.rs (target/llvm-cov-target/debug/deps/zeppelin_embed-4b1d9a9fef1e2391)

running 576 tests
test fts::bm25::tests::average_document_length_uses_analyzed_tokens ... ok
test adversarial_test_support::tests::receipt_preserves_every_origin_fact ... ok
test fts::bm25::tests::df_above_the_document_count_is_clamped_rather_than_producing_a_negative_idf ... ok
test fts::bm25::tests::errors_render_useful_text ... ok
test epoch::tests::mutable_state_never_changes_the_epoch_id ... ok
test fts::bm25::tests::newtypes_prevent_argument_transposition ... ok
test fts::bm25::tests::the_ceiling_bounds_every_reachable_score ... ok
test fts::bm25::tests::the_hoisted_scorer_reproduces_the_documented_expression_bit_for_bit ... ok
test fts::bm25::tests::pre_multiplying_the_idf_factor_would_shift_bits ... ok
test fts::dict::tests::an_empty_dictionary_answers_every_query_negatively ... ok
test fts::dict::tests::out_of_order_and_duplicate_terms_are_refused ... ok
test fts::dict::tests::front_coding_actually_shares_prefixes ... ok
test fts::bm25::tests::scores_are_never_negative ... ok
test fts::dict::tests::an_empty_prefix_is_a_typed_error_not_a_full_scan ... ok
test fts::dict::tests::seek_ceiling_lands_on_the_first_term_at_or_after_the_key ... ok
test fts::dict::tests::varints_round_trip_at_the_boundaries ... ok
test fts::dict::tests::lookups_work_across_many_blocks ... ok
test fts::dict::tests::building_from_a_sorted_map_matches_incremental_pushes ... ok
test fts::dict::tests::exact_lookup_finds_every_term_and_only_those ... ok
test fts::dict::tests::front_coding_round_trips_through_its_own_bytes ... ok
test epoch::tests::the_embedding_epoch_digest_input_is_byte_exact ... ok
test epoch::tests::a_persisted_embedding_digest_mismatch_is_a_typed_error ... ok
test epoch::tests::changing_any_interpretation_critical_field_changes_the_epoch_id ... ok
test fts::fuzzy::tests::an_empty_dictionary_yields_no_candidates ... ok
test fts::dict::tests::prefix_range_equals_brute_force ... ok
test fts::fuzzy::tests::an_empty_query_matches_nothing ... ok
test fts::fuzzy::tests::distance_zero_is_an_exact_lookup ... ok
test diag::tests::health_status_distinguishes_empty_degraded_and_unhealthy_ledgers ... ok
test fts::fuzzy::tests::the_first_character_rule_confines_the_walk ... ok
test fts::fuzzy::tests::fuzzy_policy_matrix_is_enforced ... ok
test fts::fuzzy::tests::every_reported_candidate_carries_its_true_distance ... ok
test fts::fuzzy::tests::the_classic_typo_finds_its_correction_at_the_distance_it_actually_costs ... ok
test fts::index::tests::an_empty_index_refuses_to_produce_statistics ... ok
test fts::fuzzy::tests::fuzzy_never_visits_more_dictionary_entries_than_the_contract ... ok
test fts::index::tests::errors_render_useful_text ... ok
test fts::index::tests::document_length_counts_positions_not_tokens ... ok
test fts::index::tests::posting_lists_carry_positions ... ok
test fts::index::tests::field_lengths_are_tracked_separately_and_summed ... ok
test fts::index::tests::rows_are_dense_and_ascending ... ok
test fts::index::tests::an_absent_term_has_no_posting_list_and_zero_frequency ... ok
test fts::fuzzy::tests::fuzzy_results_equal_brute_force_edit_distance_over_the_dictionary ... ok
test fts::index::tests::a_term_in_two_fields_of_one_document_counts_once ... ok
test fts::index::tests::document_frequency_is_summed_across_segments_not_per_segment ... ok
test fts::index::tests::corpus_stats_span_every_segment ... ok
test fts::index::tests::live_row_counters_and_document_frequency_exclude_tombstones ... ok
test fts::norms::tests::norm_bytes_round_trip_through_the_byte_array ... ok
test fts::live_df::tests::astra_17_single_posting_queries_do_not_displace_repeated_terms ... ok
test fts::live_df::tests::astra_17_live_df_concurrent_misses_share_one_count ... ok
test fts::norms::tests::norms_index_by_row_id ... ok
test fts::norms::tests::short_documents_are_encoded_exactly ... ok
test fts::norms::tests::the_full_byte_range_is_reachable_and_saturating ... ok
test fts::norms::tests::decoding_never_understates_the_true_length ... ok
test fts::norms::tests::encoding_is_monotone_non_decreasing_in_length ... ok
test fts::phonetic::tests::a_term_with_no_letters_encodes_to_nothing ... ok
test fts::phonetic::tests::a_code_never_exceeds_the_documented_length ... ok
test fts::phonetic::tests::encoding_is_case_and_punctuation_insensitive ... ok
test fts::phonetic::tests::double_metaphone_encodings_match_the_committed_name_list ... ok
test fts::phonetic::tests::encoding_never_panics_on_odd_input ... ok
test fts::live_df::tests::astra_18_live_df_lock_wait_is_cancelable ... ok
test fts::phonetic::tests::print_encodings ... ignored, diagnostic printer for hand-checking the rule set
test fts::phonetic::tests::homophone_surnames_collapse_together ... ok
test fts::phonetic::tests::encoding_is_deterministic ... ok
test fts::live_df::tests::astra_17_live_df_failures_are_typed_and_publish_no_partial_cache ... ok
test fts::fuzzy::tests::astra_18_fuzzy_distance_cancels_inside_one_long_candidate ... ok
test fts::phrase::tests::a_missing_term_never_matches ... ok
test fts::phrase::tests::a_phrase_crossing_a_stopword_gap_needs_the_slop_the_gap_costs ... ok
test fts::phonetic_index::tests::astra_14_phonetic_empty_invalid_and_multifield_cases_preserve_errors ... ok
test fts::phrase::tests::an_empty_stream_list_yields_no_displacement ... ok
test fts::phrase::tests::a_single_term_phrase_is_just_a_term_query ... ok
test fts::phrase::tests::an_empty_phrase_is_a_typed_error ... ok
test fts::phrase::tests::displacement_is_exact_not_greedy ... ok
test fts::phrase::tests::stacked_positions_cost_nothing_to_cross ... ok
test fts::phonetic::tests::astra_18_phonetic_encoding_cancels_inside_long_terms ... ok
test fts::phrase::tests::synonym_stacked_phrase_matches_the_underscored_identifier ... ok
test fts::live_df::tests::astra_17_live_df_eviction_and_large_keys_preserve_exact_values ... ok
test fts::postings::astra_11_tests::astra_11_corrupt_position_payload_is_typed ... ok
test fts::phrase::tests::slop_zero_and_slop_one_semantics_match_the_pinned_fixtures ... ok
test fts::control::tests::astra_18_preparation_sort_cancels_inside_comparisons ... ok
test fts::postings::tests::a_single_block_round_trips ... ok
test fts::phrase::tests::astra_18_phrase_cancels_inside_predecessor_scan ... ok
test fts::postings::tests::a_truncated_packed_run_is_a_typed_error ... ok
test fts::postings::tests::a_zero_block_size_header_is_refused ... ok
test fts::postings::tests::a_zero_frequency_posting_is_refused ... ok
test fts::postings::tests::a_version_one_stream_reads_back_with_no_impact_pair ... ok
test fts::postings::tests::an_empty_impact_slice_stores_an_absent_pair ... ok
test fts::postings::tests::an_oversized_bit_width_is_a_typed_error ... ok
test fts::postings::tests::an_empty_list_encodes_and_decodes ... ok
test fts::live_df::tests::astra_17_live_df_field_union_is_exact ... ok
test diag::tests::self_check_reports_a_planted_degradation ... ok
test fts::postings::tests::bad_magic_and_version_are_typed_errors ... ok
test fts::postings::tests::every_truncation_of_a_valid_stream_is_a_typed_error_not_a_panic ... ok
test fts::postings::astra_11_tests::astra_11_position_reader_only_decodes_requested_row ... ok
test fts::postings::tests::out_of_order_docids_are_refused_rather_than_sorted ... ok
test fts::postings::tests::bit_widths_at_every_boundary_round_trip ... ok
test fts::postings::tests::out_of_order_positions_are_refused ... ok
test fts::postings::tests::the_block_metadata_row_is_exactly_one_quarter_of_a_cache_line ... ok
test fts::postings::tests::the_impact_pair_survives_the_persisted_round_trip ... ok
test fts::postings::tests::astra_18_block_impacts_cancel_inside_rows ... ok
test fts::prefix::tests::a_prefix_can_match_a_term_whose_surface_form_it_does_not_prefix ... ok
test fts::prefix::tests::a_term_is_a_prefix_of_itself ... ok
test fts::prefix::tests::a_prefix_matching_nothing_returns_an_empty_range_not_an_error ... ok
test fts::prefix::tests::an_empty_dictionary_answers_every_prefix_with_nothing ... ok
test fts::prefix::tests::empty_prefix_is_rejected_with_a_typed_error ... ok
test fts::prefix::tests::matches_carry_the_index_the_dictionary_agrees_with ... ok
test fts::prefix::tests::prefix_results_equal_brute_force_over_the_dictionary ... ok
test fts::prefix::tests::prefix_ending_mid_grapheme_matches_by_codepoint_rule ... ok
test diag::tests::self_check_is_deterministic_per_seed ... ok
test fts::postings::tests::many_blocks_round_trip_across_the_geometry_boundary ... ok
test fts::postings::astra_18_tests::astra_18_position_decode_cancels_inside_one_row ... ok
test fts::postings::tests::astra_18_postings_encoding_cancels_inside_positions ... ok
test fts::postings::astra_18_tests::astra_18_position_membership_cancels_inside_one_block ... ok
test fts::prune::bounds::tests::a_block_bound_is_never_below_any_true_score_in_its_block ... ok
test fts::prune::bounds::tests::a_bound_built_here_matches_one_built_from_a_sealed_impact_pair ... ok
test fts::prune::bounds::tests::a_length_beyond_the_slot_saturates_downward ... ok
test fts::prune::bounds::tests::a_row_with_no_recorded_length_still_yields_a_sound_bound ... ok
test fts::prune::bounds::tests::blocks_partition_the_entries_exactly_once ... ok
test fts::prune::bounds::tests::degenerate_inputs_produce_no_bounds_rather_than_panicking ... ok
test fts::prune::bounds::tests::the_bound_survives_statistics_and_parameter_drift ... ok
test fts::prune::bounds::tests::the_last_row_of_each_block_is_its_skip_key ... ok
test fts::prune::bounds::tests::the_term_upper_bound_dominates_every_block_bound ... ok
test fts::phonetic_index::tests::astra_18_phonetic_build_cancels_between_encodings ... ok
test fts::postings::astra_18_tests::astra_18_position_metadata_cancels_inside_block_walk ... ok
test fts::prune::tests::an_empty_index_is_a_typed_error_under_every_strategy ... ok
test fts::properties::a_single_flipped_byte_never_panics_the_decoder ... ok
test fts::properties::postings_decoder_returns_a_typed_error_on_corrupt_bytes_and_never_panics ... ok
test fts::prune::tests::seeking_beyond_the_last_row_exhausts_the_cursor ... ok
test fts::prune::tests::short_list_query_takes_no_pruning_decision ... ok
test fts::prune::tests::strategy_selection_follows_the_measured_rule ... ok
test fts::prune::tests::the_exhaustive_strategy_delegates_to_the_oracle ... ok
test fts::properties::postings_blocks_round_trip_arbitrary_docids_tfs_and_positions ... ok
test fts::prune::tests::a_sealed_seek_skips_whole_blocks_without_decoding_them ... ok
test fts::prune::tests::the_threshold_is_zero_until_the_heap_is_full ... ok
test fts::prune::tests::the_top_k_heap_uses_the_pinned_tie_break ... ok
test fts::phrase::tests::astra_11_phrase_slop_repetition_and_field_boundaries_match_oracle ... ok
test fts::prune::tests::the_sealed_block_bound_matches_the_in_memory_oracle ... ok
test fts::prune::tests::top_k_insertion_matches_a_full_sort_exactly ... ok
test fts::prune::tests::the_metadata_block_bound_dominates_every_row_it_bounds ... ok
test fts::query::tests::astra_12_prefix_field_membership_and_byte_edges_preserve_expansion_order ... ok
test fts::query::tests::astra_12_prefix_visits_only_matching_vocabulary_range ... ok
test fts::query::tests::astra_12_vocabulary_groups_memberships_with_linear_work ... ok
test fts::phonetic_index::tests::astra_14_phonetic_cached_expansions_match_full_scan ... ok
test fts::query::tests::astra_13_fuzzy_distance_boundaries_preserve_boosts ... ok
test fts::prune::tests::maxscore_abandons_a_candidate_before_touching_the_cheap_cursor ... ok
test fts::query::tests::astra_13_fuzzy_length_filter_avoids_impossible_dp_work ... ok
test fts::query::tests::astra_13_fuzzy_scratch_is_reused_per_query ... ok
test fts::query::tests::astra_14_phonetic_expansion_cost_screen ... ok
test fts::prune::tests::a_sealed_seek_lands_exactly_where_a_linear_walk_would ... ok
test fts::query::tests::astra_18_phonetic_selection_cancels_inside_one_bucket ... ok
test fts::query::tests::astra_18_expansion_cancels_inside_prefix_and_rejected_fuzzy_candidates ... ok
test fts::query::tests::structured_query_validation_and_expansion_are_exhaustive ... ok
test fts::query::tests::astra_18_weighted_query_size_cancels_inside_walk ... ok
test fts::query::tests::terms_with_prefix_expands_exact_terms_before_deterministic_prefix_terms ... ok
test fts::query::tests::terms_with_prefix_rejects_an_empty_prefix_but_allows_no_leading_terms ... ok
test fts::query::tests::terms_with_prefix_requires_vocabulary_while_term_does_not ... ok
test fts::query::tests::vocabulary_expansions_preserve_terms_and_order ... ok
test fts::query::tests::terms_with_prefix_cancels_inside_the_prefix_walk ... ok
test fts::sealed::astra_10_allocation_tests::astra_10_stream_reservation_matches_actual_owned_capacities ... ok
test fts::sealed::tests::a_bound_over_one_field_is_the_stored_impact_pair ... ok
test fts::sealed::tests::a_list_whose_lengths_are_absent_still_seals ... ok
test fts::index::tests::parallel_analysis_is_identical_to_the_sequential_loop ... ok
test fts::sealed::tests::a_landed_block_pays_its_tf_decode_only_when_scored ... ok
test fts::sealed::tests::a_zero_weight_field_contributes_no_run ... ok
test fts::sealed::tests::an_empty_segment_seals_and_answers_nothing ... ok
test fts::live_df::tests::astra_18_cancelled_live_df_does_not_publish_partial_cache ... ok
test fts::sealed::tests::a_sealed_cursor_reproduces_every_posting_of_the_active_segment ... ok
test fts::phrase::tests::astra_18_prepared_phrase_cancels_during_position_decode ... ok
test fts::sealed::tests::astra_18_sealing_union_cancels_inside_merge ... ok
test fts::query::tests::astra_13_fuzzy_bounded_matches_full_distance_expansions ... ok
test fts::query::tests::astra_13_fuzzy_expansion_cost_screen ... ok
test fts::sealed::tests::seeking_past_the_end_exhausts_the_cursor ... ok
test fts::search::tests::a_query_returns_only_matching_documents_best_first ... ok
test fts::search::tests::a_repeated_field_is_collapsed_rather_than_counted_twice ... ok
test fts::search::tests::an_empty_index_is_a_typed_error_not_a_division_by_zero ... ok
test fts::search::tests::an_empty_query_matches_nothing ... ok
test fts::search::tests::an_unknown_term_matches_nothing_rather_than_everything ... ok
test fts::search::tests::astra_02_candidate_bm25_matches_exhaustive_scores ... ok
test fts::index::tests::astra_18_live_statistics_cancel_inside_row_walk ... ok
test fts::search::tests::astra_02_candidate_nonmatch_is_explicit ... ok
test fts::search::tests::astra_02_candidate_scoring_cancels_during_sparse_seeks ... ok
test fts::search::tests::astra_02_candidate_scoring_preserves_repeated_terms_and_fields ... ok
test fts::sealed::tests::seeking_jumps_whole_blocks_without_decoding_them ... ok
test fts::search::tests::astra_02_selective_batch_screen ... ignored, explicit paired release-process candidate screen
test fts::search::tests::astra_09_prepared_lexical_paths_keep_weighted_repeated_term_scores ... ok
test fts::search::tests::astra_18_candidate_duplicates_cancel_inside_output_walk ... ok
test fts::search::tests::astra_18_candidate_routing_cancels_inside_sort ... ok
test fts::search::tests::astra_18_prepared_field_copy_cancels_before_statistics ... ok
test fts::search::tests::astra_18_prepared_term_copy_cancels_before_statistics ... ok
test fts::search::tests::astra_18_prepared_term_size_cancels_inside_walk ... ok
test fts::search::tests::astra_02_candidate_bm25_opens_one_stream_per_term_segment ... ok
test fts::search::tests::astra_02_candidate_work_screen ... ok
test fts::search::tests::divisor_rule_keeps_the_selective_boundary_row_driven ... ok
test fts::search::tests::field_weight_lookup_reports_zero_for_unweighted_fields ... ok
test fts::search::tests::field_weights_change_ranking_and_flat_weights_do_not ... ok
test fts::search::tests::dense_allow_list_search_is_posting_driven ... ok
test fts::search::tests::multiple_query_terms_sum_their_contributions ... ok
test fts::search::tests::scores_are_comparable_across_segments ... ok
test fts::search::tests::the_exhaustive_path_never_skips_a_block ... ok
test fts::search::tests::the_flat_single_field_length_array_is_borrowed_not_rebuilt ... ok
test fts::search::tests::the_tie_break_is_ascending_document_id ... ok
test fts::search::tests::top_k_truncates_without_reordering ... ok
test fts::snippet::tests::a_field_with_no_match_yields_no_snippet_rather_than_the_whole_field ... ok
test fts::snippet::tests::a_zero_length_window_is_a_typed_error ... ok
test fts::snippet::tests::an_empty_field_produces_no_snippet ... ok
test fts::snippet::tests::an_unstored_field_is_a_typed_error_not_a_guess ... ok
test fts::snippet::tests::boundary_helpers_never_split_a_character ... ok
test fts::snippet::tests::highlights_never_overlap_or_nest ... ok
test fts::snippet::tests::highlights_point_at_the_matched_surface_form ... ok
test fts::snippet::tests::snippet_ranges_are_in_bounds_utf8_valid_and_contain_the_matched_surface_form ... ok
test fts::snippet::tests::snippets_are_deterministic_across_runs ... ok
test fts::snippet::tests::the_window_prefers_more_distinct_terms ... ok
test fts::tokenizer::fold::tests::case_folds_to_lowercase ... ok
test fts::tokenizer::fold::tests::combining_marks_fold_away ... ok
test fts::tokenizer::fold::tests::compatibility_forms_fold_to_ascii ... ok
test fts::tokenizer::fold::tests::decomposed_and_precomposed_diacritics_fold_alike ... ok
test fts::tokenizer::fold::tests::diacritics_fold_to_their_ascii_base ... ok
test fts::tokenizer::fold::tests::folding_is_idempotent ... ok
test fts::tokenizer::fold::tests::fullwidth_digits_stay_alphanumeric_for_segmentation ... ok
test fts::tokenizer::fold::tests::ideographs_are_left_alone ... ok
test fts::tokenizer::fold::tests::punctuation_equivalents_collapse_beyond_nfkc ... ok
test fts::tokenizer::fold::tests::the_generated_table_is_sorted_and_addressable ... ok
test fts::tokenizer::fold::tests::the_unicode_version_is_pinned ... ok
test fts::tokenizer::numbers::tests::degenerate_runs_do_not_compose ... ok
test fts::tokenizer::numbers::tests::digit_parsing_is_bounded ... ok
test fts::tokenizer::numbers::tests::multiplier_compositions_hold ... ok
test fts::tokenizer::numbers::tests::out_of_range_values_are_refused_rather_than_wrapped ... ok
test fts::tokenizer::numbers::tests::simple_compositions_hold ... ok
test fts::tokenizer::numbers::tests::spelling_round_trips_through_composition ... ok
test fts::tokenizer::pipeline::tests::a_vocabulary_entry_stacks_its_canonical_term_at_the_run_start ... ok
test fts::tokenizer::pipeline::tests::an_identifier_keeps_its_whole_form_its_catenation_and_its_parts ... ok
test fts::tokenizer::pipeline::tests::analysis_is_deterministic_across_two_runs_of_the_same_input ... ok
test fts::tokenizer::pipeline::tests::case_and_digit_transitions_split_parts ... ok
test fts::tokenizer::pipeline::tests::disabling_decomposition_keeps_the_word_whole ... ok
test fts::tokenizer::pipeline::tests::empty_input_produces_no_tokens ... ok
test fts::tokenizer::pipeline::tests::number_words_and_digits_emit_each_others_variants_at_one_position ... ok
test fts::tokenizer::pipeline::tests::offsets_slice_back_to_the_surface_form_for_parts ... ok
test fts::tokenizer::pipeline::tests::positions_strictly_increase_except_within_a_stack ... ok
test fts::tokenizer::pipeline::tests::single_character_parts_are_dropped_from_linguistic_profiles ... ok
test fts::tokenizer::pipeline::tests::stopwords_leave_a_position_gap_rather_than_closing_up ... ok
test fts::tokenizer::profiles::tests::every_profile_has_a_distinct_epoch ... ok
test fts::tokenizer::profiles::tests::profile_ids_are_stable ... ok
test fts::tokenizer::profiles::tests::the_code_profile_neither_stems_nor_drops_stopwords ... ok
test fts::sealed::tests::astra_18_sealing_cancels_inside_row_preparation ... ok
test fts::prune::weighted::tests::astra_10_weighted_bounds_dominate_combined_score ... ok
test fts::prune::weighted::tests::astra_10_weighted_topk_matches_literal_fields_duplicates_tombstones_and_ties ... ok
test fts::tokenizer::properties::a_surface_token_is_exactly_the_fold_of_the_bytes_it_points_at ... ok
test fts::tokenizer::properties::folding_is_idempotent_where_it_is_defined ... ok
test fts::sealed::tests::astra_18_field_subset_df_cancellation_preserves_union ... ok
test fts::tokenizer::properties::analysis_never_panics_on_arbitrary_text ... ok
test fts::search::tests::astra_18_weighted_length_preparation_is_cancelable ... ok
test fts::prune::wand::tests::astra_18_wand_cancels_during_metadata_only_skip ... ok
test fts::tokenizer::segment::tests::a_lone_ideograph_stays_a_unigram ... ok
test fts::tokenizer::segment::tests::apostrophes_and_hyphens_do_not_shatter ... ok
test fts::tokenizer::segment::tests::emails_stay_whole ... ok
test fts::tokenizer::segment::tests::identifiers_survive_segmentation ... ok
test fts::tokenizer::segment::tests::ideograph_runs_become_overlapping_bigrams ... ok
test fts::tokenizer::segment::tests::spans_are_ordered_in_bounds_and_non_overlapping ... ok
test fts::tokenizer::segment::tests::trailing_punctuation_is_not_absorbed ... ok
test fts::tokenizer::segment::tests::trailing_symbol_languages_survive ... ok
test fts::tokenizer::stemmer::tests::documented_algorithm_examples_hold ... ok
test fts::tokenizer::stemmer::tests::exceptional_forms_are_honoured ... ok
test fts::tokenizer::stemmer::tests::published_vocabulary_pairs_stem_as_specified ... ok
test fts::tokenizer::stemmer::tests::short_terms_pass_through_untouched ... ok
test fts::tokenizer::stemmer::tests::stemming_is_idempotent_on_its_own_output ... ok
test fts::tokenizer::stemmer::tests::stemming_never_panics_on_odd_input ... ok
test fts::tokenizer::stopwords::tests::membership_matches_the_shipped_list ... ok
test fts::tokenizer::stopwords::tests::the_lucene_list_is_sorted_and_complete ... ok
test fts::prune::tests::astra_18_pruned_lexical_cancels_inside_long_traversal ... ok
test fts::tokenizer::tests::changing_any_pipeline_knob_changes_the_epoch_digest ... ok
test fts::tokenizer::tests::flag_algebra_is_consistent ... ok
test fts::tokenizer::tests::identifier_and_number_tokens_carry_the_no_fuzzy_flag ... ok
test fts::tokenizer::tests::adding_a_vocab_entry_unifies_all_three_surface_forms_at_one_position ... ok
test fts::tokenizer::tests::invalid_utf8_is_rejected_with_a_typed_error_at_the_boundary ... ok
test fts::tokenizer::tests::oversized_input_is_refused_rather_than_truncated ... ok
test fts::tokenizer::tests::removing_a_vocab_entry_changes_the_epoch_digest ... ok
test fts::tokenizer::tests::the_epoch_does_not_depend_on_vocabulary_insertion_order ... ok
test fts::tokenizer::tests::the_epoch_hex_form_is_stable_and_sixteen_digits ... ok
test fts::tokenizer::tests::plain_words_are_not_flagged_no_fuzzy ... ok
test fts::tokenizer::tests::token_offsets_slice_back_to_the_surface_form ... ok
test fts::tokenizer::vocab::tests::a_declaration_registers_every_surface_form_and_the_canonical_term ... ok
test fts::tokenizer::vocab::tests::conflicting_surface_forms_are_refused_rather_than_overwritten ... ok
test fts::tokenizer::vocab::tests::degenerate_declarations_are_typed_errors ... ok
test fts::tokenizer::vocab::tests::redeclaring_the_same_pair_is_idempotent ... ok
test fts::tokenizer::vocab::tests::removal_clears_every_surface_form ... ok
test fts::tokenizer::tests::valid_utf8_bytes_analyze_identically_to_the_string_path ... ok
test fusion::cc::reuse_tests::astra_09_fusion_union_growth_reserves_both_allocations_and_releases_failure ... ok
test fusion::cc::reuse_tests::astra_09_fusion_union_reuse_matches_literal_scores_and_old_accumulator ... ok
test graph::block::tests::cached_descriptor_rejects_a_different_mapping_length ... ok
test fts::tokenizer::properties::folding_rewrites_terms_without_moving_or_inventing_offsets ... ok
test fts::vocabulary::cancellation_tests::astra_18_vocabulary_build_cancels_during_input_walks ... ok
test graph::build::tests::accounting_rejection_on_resume_preserves_the_valid_checkpoint ... ok
test graph::build::tests::arbitrary_checkpoint_bytes_fail_typed_without_panicking ... ok
test graph::build::tests::built_graph_publishes_through_the_frozen_m2_writer ... ok
test graph::build::tests::checked_adjacency_rejects_invalid_node_and_degree_inputs ... ok
test graph::build::tests::cancelled_build_leaves_no_partial_artifact ... ok
test graph::build::tests::checkpoint_parser_rejects_semantic_corruption_and_identity_drift ... ok
test graph::build::tests::corrupt_checkpoint_refuses_once_clears_the_file_and_the_next_session_starts_fresh ... ok
test graph::build::tests::checkpointed_build_reports_exact_work_for_each_declared_pass ... ok
test graph::build::tests::graph_build_errors_preserve_actionable_values_and_sources ... ok
test graph::build::tests::graph_build_handles_the_minimum_shape_and_rejects_an_empty_segment ... ok
test graph::build::tests::graph_build_memory_is_budgeted_and_exactly_accounted ... ok
test graph::build::tests::graph_checkpoint_io_goes_through_the_store_vfs ... ok
test graph::build::tests::graph_checkpoint_publish_syncs_the_temp_file_and_its_directory ... ok
test graph::build::tests::build_resumes_from_checkpoint_to_the_same_graph ... ok
test fts::tokenizer::properties::offsets_are_in_bounds_monotonic_and_slice_back_to_the_surface_form ... ok
test graph::build::tests::incomplete_session_and_checkpoint_io_fail_typed ... ok
test fts::tokenizer::properties::analysis_is_deterministic_across_two_runs_of_the_same_input ... ok
test graph::consolidate::tests::consolidation_checkpoint_file_round_trips_and_clears ... ok
test graph::consolidate::tests::consolidation_checkpoint_rejects_every_corruption_class ... ok
test graph::consolidate::tests::consolidation_checkpoint_round_trips_and_ids_are_deterministic ... ok
test graph::consolidate::tests::consolidation_region_support_is_the_frozen_merge_set ... ok
test graph::consolidate::tests::merge_segments_without_documents_carries_live_rows_and_rejects_bad_inputs ... ok
test graph::params_tests::graph_params_reject_loose_invalid_controls ... ok
test graph::params_tests::profile_params_and_graph_crossover_are_literal ... ok
test graph::search::tests::adaptive_defaults_follow_the_measured_profile_rules ... ok
test graph::search::tests::adaptive_ef_overflow_is_typed ... ok
test graph::search::tests::adaptive_ef_stays_between_k_and_rows_under_adversarial_shapes ... ok
test graph::search::tests::an_unfiltered_traversal_is_byte_identical_with_the_mask_parameter_absent ... ok
test fts::tokenizer::properties::positions_strictly_increase_except_within_a_synonym_stack ... ok
test graph::search::tests::cancellation_is_visible_across_threads_during_traversal ... ok
test graph::build::tests::vamana_build_is_deterministic_under_seed ... ok
test graph::search::tests::filtered_budget_and_fail_closed_visited_cap_fire_independently ... ok
test graph::search::tests::graph_search_errors_keep_typed_sources_and_actionable_messages ... ok
test graph::search::tests::no_node_is_scored_twice_within_one_query ... ok
test graph::search::tests::norm_bound_successors_are_exact_ieee_neighbours ... ok
test graph::search::tests::pre_cancelled_token_is_rejected_at_search_entry ... ok
test graph::search::tests::prefetch_switch_preserves_results_work_and_candidate_sequence ... ok
test graph::search::tests::recall_is_monotonic_in_ef ... ok
test graph::search::tests::request_and_search_geometry_rejections_preserve_the_invalid_values ... ok
test graph::search::tests::segment_norm_bounds_round_outward_or_fail_open ... ok
test graph::search::tests::traversal_expands_the_nearest_frontier_node_before_insertion_order ... ok
test graph::search::tests::traversal_is_deterministic_under_seed ... ok
test graph::search::tests::traversal_returns_the_same_topk_as_brute_force_at_high_ef ... ok
test graph::search::tests::vector_row_checkpoint_counts_only_filter_accepted_graph_rows ... ok
test graph::search::tests::visited_cap_returns_a_typed_error_not_a_wrong_answer ... ok
test graph::build::tests::graph_is_connected_from_the_entry_points ... ok
test ingest::active::tests::in_place_text_mutation_invalidates_the_sealed_lexical_cache ... ok
test ingest::active_publish_tests::mismatched_active_generation_on_republish_is_a_typed_error ... ok
test ingest::purge::tests::purge_intent_round_trip_rejects_reserved_and_length_corruption ... ok
test ingest::purge::tests::purge_tokens_reports_and_errors_preserve_their_contract_values ... ok
test graph::search::tests::visited_epoch_wraps_correctly_at_255_queries ... ok
test ingest::revise::tests::revision_order_is_total_and_explicit ... ok
test ingest::vector_order_tests::documented_candidate_precedes_legacy_candidate_at_an_equal_score ... ok
test kernels::postings::tests::a_zero_width_run_decodes_to_zeros_and_consumes_nothing ... ok
test kernels::postings::tests::an_oversized_width_or_short_buffer_is_refused_by_both_arms ... ok
test kernels::postings::tests::neon_prefix_sum_equals_scalar_for_arbitrary_blocks ... ok
test kernels::postings::tests::prop_neon_unpack_equals_scalar ... ok
test kernels::postings::tests::the_dispatched_arm_matches_the_oracle_on_maximal_values ... ok
test kernels::postings::tests::the_narrow_path_equals_the_oracle_at_every_count_and_exact_buffer ... ok
test kernels::postings::tests::the_narrow_path_refuses_what_it_cannot_decode ... ok
test kernels::postings::tests::the_prefix_sum_is_a_running_total ... ok
test kernels::postings::tests::the_prefix_sum_saturates_rather_than_wrapping ... ok
test kernels::postings::tests::the_wide_prefix_sum_carries_across_every_group_boundary ... ok
test lifecycle::close::tests::background_thread_stops_before_snapshot_is_released_on_drop ... ok
test lifecycle::durability::tests::default_policy_skips_every_synchronization ... ok
test lifecycle::durability::tests::derived_and_durable_none_resolve_to_the_same_policy ... ok
test lifecycle::durability::tests::maps_every_mode_and_tier_without_attached_fallback ... ok
test fts::sealed::tests::astra_18_fractional_stream_cancels_in_hidden_zero_tf_walk ... ok
test lifecycle::expansion::tests::astra_14_refused_phonetic_index_is_not_published ... ok
test lifecycle::expansion::tests::astra_18_assembly_cache_wait_uses_original_deadline ... ok
test lifecycle::expansion::tests::astra_18_dictionary_cache_waits_use_the_original_deadline ... ok
test lifecycle::expansion::tests::astra_14_phonetic_cache_tracks_vocabulary_and_algorithm_identity ... ok
test graph::search::tests::every_filtered_graph_result_satisfies_the_predicate_and_is_alive ... ok
test graph::search::tests::counting_token_cancels_after_exact_number_of_hops ... ok
test ingest::revise::tests::prop_interleaved_ingest_and_search_never_misses_or_returns_superseded ... ok
test graph::build::tests::every_node_has_at_most_r_max_neighbours ... ok
test lifecycle::get_tests::get_documents_preserves_request_order_with_duplicates_and_misses ... ok
test lifecycle::get_tests::get_documents_reads_mixed_active_and_sealed_documents ... ok
test lifecycle::get_tests::get_documents_reports_absent_sealed_text_and_metadata_regions ... ok
test lifecycle::get_tests::get_documents_returns_active_document ... ok
test lifecycle::get_tests::get_documents_returns_none_for_active_and_sealed_tombstones ... ok
test lifecycle::get_tests::get_documents_returns_none_for_unknown_id ... ok
test lifecycle::get_tests::get_documents_returns_only_live_superseding_revision ... ok
test lifecycle::get_tests::get_documents_returns_sealed_document ... ok
test lifecycle::get_tests::get_documents_selects_exactly_requested_fields ... ok
test lifecycle::graph_cache::tests::a_waiting_graph_query_observes_its_deadline_while_blocked ... ok
test lifecycle::graph_cache::tests::two_graph_queries_on_one_segment_run_concurrently ... ok
test lifecycle::hybrid::tests::astra_00_all_hybrid_rounds_contribute_work ... ok
test lifecycle::hybrid::tests::astra_01_ann_boundary_is_not_an_unseen_certificate ... ok
test lifecycle::hybrid::tests::astra_01_exact_scores_do_not_imply_complete_candidates ... ok
test lifecycle::hybrid::tests::astra_09_candidate_capacity_is_accounted_through_reuse_and_failed_growth ... ok
test lifecycle::hybrid::tests::hybrid_window_is_clamped_between_k_and_the_corpus ... ok
test graph::build::tests::no_node_lists_itself_or_a_duplicate ... ok
test lifecycle::hybrid_overlap_tests::astra_19_lexical_starts_before_embedding_completion ... ok
test lifecycle::hybrid_overlap_tests::astra_19_overlap_uses_one_snapshot_despite_concurrent_ingest ... ok
test lifecycle::hybrid_overlap_tests::astra_19_embed_failure_joins_lexical_work ... ok
test lifecycle::hybrid_overlap_tests::astra_19_preparation_cancel_preserves_control_error ... ok
test lifecycle::lexical_assembly_tests::astra_16_delayed_old_query_does_not_replace_newer_assembly ... ok
test lifecycle::lexical_assembly_tests::astra_16_evicted_assembly_remains_accounted_until_last_query_drops ... ok
test lifecycle::lexical_assembly_tests::astra_16_refused_contribution_leaves_previous_cache_and_no_charge ... ok
test lifecycle::lexical_assembly_tests::astra_17_live_df_cache_memory_released_with_reader ... ok
test lifecycle::lexical_assembly_tests::stats_remains_available_while_old_active_generation_is_retained ... ok
test lifecycle::prepared::tests::astra_09_graph_score_growth_accounts_overlap_and_releases_on_failure ... ok
test lifecycle::prepared::tests::astra_09_preparation_budget_refusal_releases_partial_capacity ... ok
test lifecycle::prepared::tests::astra_09_prepared_layouts_keep_padding_seed_and_query_space_distinct ... ok
test lifecycle::prepared_lexical::tests::astra_09_lexical_preparation_refuses_foreign_bindings_and_releases_failed_budget ... ok
test lifecycle::scan_document_tests::scan_documents_pins_negative_null_and_empty_boolean_semantics ... ok
test lifecycle::scan_document_tests::scan_documents_rejects_a_stale_continuation ... ok
test lifecycle::scan_document_tests::scan_documents_storage_order_crosses_sealed_and_active_and_pages_every_live_row_once ... ok
test lifecycle::scan_document_tests::scan_documents_timestamp_orders_use_doc_id_as_the_tie_breaker ... ok
test lifecycle::scan_document_tests::scan_documents_timestamp_range_prunes_a_segment_and_filters_live_rows ... ok
test lifecycle::shared_bound_tests::a_later_segment_that_cannot_beat_the_bound_does_almost_no_work ... ok
test lifecycle::shared_bound_tests::a_pruned_segment_never_hides_a_winning_matching_row ... ok
test lifecycle::hybrid_overlap_tests::astra_19_overlapped_hybrid_matches_serial_scores_and_text ... ok
test fts::tokenizer::properties::two_analyzers_with_the_same_config_agree ... ok
test lifecycle::shared_bound_tests::shared_bound_does_not_leak_between_concurrent_queries ... ok
test lifecycle::shared_bound_tests::shared_bound_reduces_candidates_scored_across_segments ... ok
test fts::tokenizer::properties::no_profile_emits_an_empty_term ... ok
test lifecycle::snapshot::tests::astra_05_snapshot_release_notifies_after_ownership_drops ... ok
test lifecycle::snapshot::tests::first_durable_ingest_syncs_new_wal_directory_entry_before_ack ... ok
test lifecycle::snapshot::tests::publish_after_close_returns_the_typed_closed_error ... ok
test lifecycle::snapshot::tests::publish_swaps_a_whole_snapshot_while_existing_readers_keep_their_generation ... ok
test lifecycle::shared_bound_tests::shared_bound_still_returns_full_k_when_rows_are_tombstoned ... ok
test lifecycle::snapshot::tests::sealed_segment_open_is_routed_through_vfs_open_for_map ... ok
test lifecycle::snapshot::tests::seal_uses_the_opened_durable_policy_for_segment_and_manifest ... ok
test lifecycle::stats::tests::accounted_vector_rejects_growth_without_a_reservation ... ok
test lifecycle::stats::tests::accounted_allocation_after_close_is_typed_closed ... ok
test lifecycle::stats::tests::budget_exceeded_is_typed_and_pre_allocation ... ok
test lifecycle::stats::tests::stats_bytes_are_conserved ... ok
test lifecycle::tests::accounting_errors_report_the_typed_context ... ok
test lifecycle::tests::astra_00_elapsed_includes_ceiling_work ... ok
test lifecycle::shared_bound_tests::multi_segment_graph_search_matches_the_independent_traversal_exactly ... ok
test lifecycle::tests::astra_03_lexical_assembly_charge_survives_cache_eviction ... ok
test lifecycle::tests::astra_12_refused_vocabulary_is_not_published ... ok
test lifecycle::tests::astra_12_vocabulary_charge_survives_eviction_and_close ... ok
test lifecycle::tests::astra_18_scoped_work_is_joined_before_cancel_returns ... ok
test lifecycle::tests::astra_18_control_error_precedence_is_completion_order_independent ... ok
test lifecycle::tests::hybrid_dual_failure_precedence_is_independent_of_leg_completion_order ... ok
test lifecycle::tests::memory_vfs_store_open_does_not_create_host_directory ... ok
test lifecycle::tests::exact_and_graph_tiers_preserve_quantizer_validation_errors ... ok
test lifecycle::tests::open_options_resolve_durability_before_filesystem_mutation ... ok
test lifecycle::tests::open_refuses_a_manifest_ahead_of_the_checked_wal ... ok
test meta::alive::tests::alive_counters_remain_consistent ... ok
test meta::alive::tests::tombstone_then_alive_iteration_skips ... ok
test meta::bitmap::tests::astra_15_empty_zero_and_max_u32_bitmap_bounds_are_checked ... ok
test meta::columns::tests::builder_errors_are_typed_and_atomic_at_capacity_edges ... ok
test lifecycle::stats::tests::repeated_close_returns_exact_stats_counters_to_pre_open_baseline ... ok
test lifecycle::tests::the_remembered_vector_ceiling_is_the_recomputed_ceiling_for_every_scheme ... ok
test meta::dict::tests::dictionary_auto_widens_u16_to_u32 ... ok
test meta::dict::tests::dictionary_reports_u32_cardinality_overflow ... ok
test meta::columns::tests::column_builder_widens_dictionary_at_u16_boundary ... ok
test meta::predicate::tests::empty_in_set_matches_no_rows ... ok
test meta::predicate::tests::f64_nan_never_matches_ranges ... ok
test meta::predicate::tests::negation_is_bounded_by_alive_set ... ok
test meta::predicate::tests::predicate_ast_is_closed_without_unsupported_variant ... ok
test meta::columns::tests::prop_column_store_builders_and_accessors_roundtrip ... ok
test meta::predicate::tests::range_bounds_are_inclusive_or_exclusive ... ok
test meta::predicate::tests::range_handles_i64_extremes ... ok
test planner::exec::tests::metadata_execution_receipt_report_mismatch_is_typed ... ok
test planner::exec::tests::metadata_execution_receipt_row_count_mismatch_uses_real_evaluator_inputs ... ok
test planner::prune::tests::pruning_by_clustering_range_never_drops_a_matching_segment ... ok
test planner::receipt::tests::column_fault_refuses_a_decoder_error_from_the_wrong_guard ... ok
test planner::receipt::tests::duplicate_execution_receipt_is_rejected ... ok
test planner::receipt::tests::every_metadata_feature_receipt_originates_at_its_production_site ... ok
test property_graph::tests::all_scalar_and_nonempty_list_kinds_retain_their_values_without_vectors ... ok
test property_graph::tests::application_keys_and_metadata_preserve_kind_and_exact_utf8 ... ok
test property_graph::tests::batch_local_references_are_bounded_and_distinct_from_durable_ids ... ok
test property_graph::tests::full_width_identity_and_checked_revisions ... ok
test property_graph::tests::raw_name_admission_checks_byte_limit_before_utf8_work ... ok
test property_graph::tests::scalar_bits_and_typed_lists_are_distinct_from_finite_vectors ... ok
test quant::rescore::exact_sink_tests::astra_04_sink_checks_precede_nonfinite_and_count_eligible_rows ... ok
test quant::rescore::reuse_tests::astra_09_reused_rescores_preserve_f64_order_checks_and_new_row_work ... ok
test quant::tests::batched_squared_l2_is_bit_identical_to_the_single_row_definition ... ok
test quant::tests::bit4_batch_estimator_is_bit_exact_to_single_row_oracle ... ok
test quant::tests::bit4_batch_estimator_rejects_shape_and_padding_errors ... ok
test quant::tests::bit4_golden_fixture_is_stable ... ok
test quant::tests::bit4_native_estimator_scores_aligned_vector ... ok
test quant::tests::bit4_rejects_non_finite_values_without_writing ... ok
test quant::tests::bit4_shape_errors_are_typed ... ok
test quant::tests::default_quantization_scheme_is_bit4 ... ok
test quant::tests::extreme_finite_rows_keep_usable_factors_and_reconstruction ... ok
test quant::tests::int8_golden_fixture_is_stable ... ok
test quant::tests::int8_rejects_non_finite_values_without_writing ... ok
test quant::tests::int8_shape_errors_are_typed ... ok
test quant::tests::narrow_row_sizes_at_dimension_768_are_pinned ... ok
test quant::tests::partial_byte_padding_is_canonical_and_checked ... ok
test quant::tests::persisted_scheme_ids_keep_retired_ids_reserved ... ok
test fts::properties::avgdl_counts_analyzed_tokens_over_the_scored_unit ... ok
test quant::tests::prop_bit4_estimator_unbiased_in_expectation ... ok
test quant::tests::prop_bit4_roundtrip_error_bounded ... ok
test meta::dict::tests::prop_dict_roundtrip ... ok
test quant::tests::prop_int8_dot_estimate_close ... ok
test quant::tests::prop_int8_roundtrip_error_bounded ... ok
test quant::tests::quant_errors_have_actionable_messages ... ok
test quant::tests::rescore_cancellation_checkpoint_fires_before_row_sixty_four_is_scored ... ok
test quant::tests::rescore_returns_exact_topk_when_oversample_covers ... ok
test quant::tests::rescore_shape_and_counter_errors_are_typed ... ok
test quant::tests::retained_pool_rejects_out_of_range_row_without_panicking ... ok
test quant::tests::retained_pool_rescore_uses_exact_squared_l2_and_original_row_ids ... ok
test quant::tests::retained_squared_l2_rescore_matches_the_row_at_a_time_reference_bit_for_bit ... ok
test quant::tests::signed_zero_rows_use_canonical_inner_positive_codes ... ok
test quant::tests::surviving_quantizers_reject_dimensions_beyond_i8_kernel_limit ... ok
test quant::tests::widened_row_prefetch_preserves_rescore_top_k_scores ... ok
test scan::tests::all_identical_vectors_tie_by_ascending_row_id ... ok
test scan::tests::alternating_row_mask_returns_exactly_allowed_ids ... ok
test scan::tests::bit4_row_major_scans_partial_final_batch ... ok
test scan::tests::dimension_one_scans_exactly ... ok
test scan::tests::empty_row_mask_returns_nothing ... ok
test scan::tests::empty_row_set_returns_no_candidates ... ok
test scan::tests::explicit_thread_budget_is_honoured_up_to_physical_cap ... ok
test scan::tests::f32_rows_cache_first_non_finite_input ... ok
test scan::tests::full_row_mask_equals_unmasked ... ok
test scan::tests::k_larger_than_row_count_returns_all_rows ... ok
test meta::predicate::tests::prop_predicate_eval_equals_naive_row_loop ... ok
test lifecycle::expansion::tests::astra_18_public_lexical_deadline_reaches_scoring ... ok
test scan::tests::row_major_scan_reports_one_exhaustive_payload_pass ... ok
test scan::tests::row_masks_filter_every_encoded_scheme ... ok
test scan::tests::scan_validation_errors_are_typed_and_actionable ... ok
test scan::tests::single_row_returns_that_row ... ok
test scan::tests::truncate_helper_keeps_only_the_kth_total_cmp_score_tie ... ok
test scan::tests::zero_k_returns_no_candidates ... ok
test scan::topk::tests::astra_04_collector_charges_capacity_before_allocation_and_through_drain ... ok
test scan::topk::tests::astra_04_exact_collector_matches_sort_at_both_capacity_strategies ... ok
test scan::topk::tests::bounded_top_k_retains_every_candidate_tied_with_the_kth_score ... ok
test lifecycle::expansion::tests::astra_18_public_statistics_timeout_releases_contribution_reservation ... ok
test scan::vector_fault::receipt_evidence_tests::forced_backend_receipt_evidence_rejects_mutated_campaign_tag ... ok
test sys::darwin::tests::a_requested_qos_class_is_what_the_thread_then_reports ... ok
test sys::darwin::tests::an_unspecified_qos_class_is_refused_rather_than_silently_ignored ... ok
test sys::darwin::tests::barrier_fsync_returns_typed_error_on_closed_fd ... ok
test scan::topk::tests::seeded_boundary_tie_set_is_invariant_under_input_permutation ... ok
test sys::darwin::tests::barrier_fsync_succeeds_on_regular_file ... ok
test sys::darwin::tests::mincore_resident_empty_range_is_zero ... ok
test sys::darwin::tests::full_fsync_succeeds_on_regular_file ... ok
test sys::darwin::tests::phys_footprint_is_nonzero_for_current_task ... ok
test sys::darwin::tests::physical_p_core_count_is_within_logical_cpu_count ... ok
test sys::darwin::tests::mincore_resident_reports_touched_pages ... ok
test sys::darwin::tests::sys_error_preserves_typed_operation ... ok
test sys::memory::tests::empty_range_has_no_resident_bytes ... ok
test tests::version_constant_is_current ... ok
test tests::seeded_rng_is_deterministic_per_name_and_env ... ok
test tier::maintain::tests::maintenance_budget_lifecycle_and_identity_fail_closed ... ok
test tier::maintain::tests::maintenance_errors_preserve_typed_sources_and_messages ... ok
test tier::policy::tests::policy_decides_graph_above_the_threshold_and_scan_below ... ok
test tier::policy::tests::policy_never_demotes_a_segment_that_already_has_a_graph ... ok
test tier::policy::tests::store_policy_at_two_segments_consolidates_only_without_a_dominant_segment ... ok
test tier::policy::tests::store_policy_consolidates_at_three_or_more_graph_segments ... ok
test tier::policy::tests::store_policy_consolidates_scan_segments_only_after_graph_threshold ... ok
test tier::thresholds::tests::graph_min_rows_is_the_first_ladder_point_satisfying_the_two_x_rule ... ok
test vfs::crash::tests::a_sync_barrier_prevents_cross_barrier_reordering ... ok
test vfs::crash::tests::correct_data_sync_pointer_rename_directory_sync_protocol_passes ... ok
test vfs::crash::tests::enumerates_every_prefix_including_before_first_and_after_last ... ok
test vfs::crash::tests::enumeration_cap_is_loud_and_never_exceeded ... ok
test vfs::crash::tests::full_length_corruption_classes_are_distinct_and_deterministic ... ok
test vfs::crash::tests::planted_pointer_before_data_bug_is_caught ... ok
test vfs::crash::tests::reads_pass_through_without_entering_the_mutation_stream ... ok
test vfs::crash::tests::real_filesystem_recorder_delegates_reads_and_records_mutations ... ok
test vfs::crash::tests::records_every_mutation_and_payload_in_order ... ok
test vfs::crash::tests::repeated_enumeration_is_byte_for_byte_deterministic ... ok
test vfs::crash::tests::selects_edge_midpoint_and_sector_tear_points_without_a_uniform_grid ... ok
test vfs::crash::tests::sub_sector_writes_tear_from_both_edges ... ok
test vfs::crash::tests::torn_append_keeps_prior_bytes_and_appends_only_the_boundary_prefix ... ok
test vfs::crash::tests::unsynced_rename_can_expose_the_sources_old_content ... ok
test vfs::crash::tests::unsynchronized_writes_may_persist_as_either_singleton ... ok
test vfs::fault::tests::fault_append_and_blocking_decorator_cover_handle_and_path_syncs ... ok
test vfs::fault::tests::fault_vfs_exercises_live_media_and_read_only_image_seams ... ok
test vfs::tests::counting_vfs_counts_every_mutation_and_sync_kind_exactly ... ok
test vfs::tests::crash_support_api_gate_is_identical_in_debug_and_release ... ok
test wal::record::tests::caller_reserved_encoding_keeps_its_allocation ... ok
test wal::tests::an_explicit_group_cap_still_wins ... ok
test tier::maintain::tests::maintain_builds_with_the_same_profile_auto_query_selects ... ok
test wal::tests::encoding_failure_in_middle_of_commit_many_is_atomic ... ok
test wal::tests::durable_policy_defaults_to_a_sixteen_mib_group_cap ... ok
test wal::tests::ordered_and_skip_policies_keep_the_one_mib_default ... ok
test quant::tests::prop_bit4_dot_estimate_close ... ok
test scan::tests::prop_parallel_equals_single_thread ... ok
test fts::search::tests::posting_driven_matches_row_driven_hit_for_hit ... ok
test fts::properties::document_frequency_is_global_under_every_seal_boundary ... ok
test lifecycle::expansion::tests::astra_18_public_phrase_timeout_releases_partial_position_work ... ok
test fts::properties::scores_do_not_depend_on_where_segments_were_sealed ... ok
test fts::properties::prop_engine_bm25_equals_model ... ok
test quant::tests::prop_int8_rank_preservation ... ok
test lifecycle::expansion::tests::astra_18_public_cold_active_seal_cancels_without_cache_publication ... ok
test fts::sealed::tests::a_traversed_list_costs_a_couple_of_bytes_per_posting ... ok
test scan::tests::prop_row_major_scan_equals_naive_topk ... ok
test lifecycle::expansion::tests::astra_18_public_expansion_timeout_does_not_publish_partial_caches ... ok
test fts::sealed::tests::every_decoded_width_falls_in_the_narrow_kernel_path ... ok
test lifecycle::shared_bound_tests::multi_segment_graph_search_honours_cancellation_mid_segment ... ok

test result: ok. 574 passed; 0 failed; 2 ignored; 0 measured; 0 filtered out; finished in 36.20s

     Running tests/auto_score_scale.rs (target/llvm-cov-target/debug/deps/auto_score_scale-142b1a99fb5849e1)

running 2 tests
test auto_never_merges_estimated_and_exact_scores ... ok
test auto_preserves_single_segment_score_scales ... ok

test result: ok. 2 passed; 0 failed; 0 ignored; 0 measured; 0 filtered out; finished in 0.01s

     Running tests/batch24_error_contracts.rs (target/llvm-cov-target/debug/deps/batch24_error_contracts-7565c1c2c78f304c)

running 8 tests
test public_error_conversions_keep_their_original_typed_causes ... ok
test store_errors_name_the_failed_boundary_without_hiding_sources ... ok
test wal_errors_keep_framing_ranges_sequences_and_source_chains ... ok
test lexical_payload_and_kernel_error_matrices_name_every_rejected_boundary ... ok
test persisted_registry_header_and_manifest_errors_are_exact_and_typed ... ok
test embedding_and_epoch_transition_errors_preserve_every_actionable_value ... ok
test scan_rescore_segment_graph_and_purge_errors_preserve_geometry_and_sources ... ok
test planner_metadata_and_ingest_errors_preserve_the_rejected_values ... ok

test result: ok. 8 passed; 0 failed; 0 ignored; 0 measured; 0 filtered out; finished in 0.00s

     Running tests/batch24_public_edges.rs (target/llvm-cov-target/debug/deps/batch24_public_edges-c3ccaf33ed88a08b)

running 7 tests
test packed_row_handles_and_posting_wrappers_keep_validated_lengths_visible ... ok
test phonetic_encoder_handles_doubled_and_context_sensitive_consonants ... ok
test bitmap_wal_payload_rejects_invalid_vectors_and_preserves_every_numeric_column_kind ... ok
test empty_typed_columns_keep_all_physical_shapes_and_type_mismatches_atomic ... ok
test memory_vfs_handle_and_path_operations_preserve_bytes_and_snapshot_isolation ... ok
test tokenizer_byte_offsets_flags_and_vocabulary_are_typed_and_reversible ... ok
test sealed_lexical_accessors_report_exact_field_and_document_lengths ... ok

test result: ok. 7 passed; 0 failed; 0 ignored; 0 measured; 0 filtered out; finished in 0.00s

     Running tests/block_max_soundness.rs (target/llvm-cov-target/debug/deps/block_max_soundness-3ef0bf2ef8f2b02c)

running 5 tests
test a_document_length_beyond_the_u16_slot_saturates_downward ... ok
test a_sealed_bound_survives_a_rise_in_average_document_length ... ok
test a_sealed_bound_survives_a_change_of_k1_and_b ... ok
test a_sealed_bound_holds_while_statistics_are_unchanged ... ok
test the_impact_pair_bound_survives_both_kinds_of_drift ... ok

test result: ok. 5 passed; 0 failed; 0 ignored; 0 measured; 0 filtered out; finished in 0.00s

     Running tests/bm25_reference.rs (target/llvm-cov-target/debug/deps/bm25_reference-1c0c57581949f0a9)

running 12 tests
test a_huge_term_frequency_saturates_below_the_idf_ceiling ... ok
test a_zero_frequency_term_scores_zero ... ok
test a_single_token_document_scores_finitely ... ok
test anserini_defaults_are_available_and_documented ... ok
test b_of_zero_makes_the_score_independent_of_document_length ... ok
test bm25_term_score_matches_hand_computed_values_for_the_tiny_corpus ... ok
test degenerate_parameters_and_stats_are_typed_errors ... ok
test b_of_one_applies_the_full_length_normalization ... ok
test higher_score_is_always_better ... ok
test idf_is_monotonically_non_increasing_in_df ... ok
test idf_is_the_lucene_variant_not_the_classic_robertson_form ... ok
test k1_of_zero_makes_the_score_independent_of_term_frequency ... ok

test result: ok. 12 passed; 0 failed; 0 ignored; 0 measured; 0 filtered out; finished in 0.00s

     Running tests/close_contract.rs (target/llvm-cov-target/debug/deps/close_contract-6e29a3f1c8d19c92)

running 8 tests
test close_releases_file_locks_and_reopen_succeeds ... ok
test close_is_idempotent ... ok
test drop_without_close_best_effort_releases ... ok
test snapshot_lease_outliving_store_observes_read_cancelled ... ok
test calls_after_close_return_typed_closed_error ... ok
test close_during_inflight_search_drains_or_cancels_deterministically ... ok
test close_unmaps_all_segments ... ok
test no_background_thread_survives_close ... ok

test result: ok. 8 passed; 0 failed; 0 ignored; 0 measured; 0 filtered out; finished in 0.05s

     Running tests/consolidation.rs (target/llvm-cov-target/debug/deps/consolidation-5dddf2d2897b7191)

running 10 tests
test consolidation_skips_a_store_whose_graph_rows_are_all_tombstoned ... ok
test scan_segments_consolidate_into_one_graph_when_their_total_is_eligible ... ok
test hybrid_graph_cost_fallbacks_are_typed_and_counted ... ok
test one_maintain_call_promotes_three_batches_and_consolidates_them ... ok
test consolidation_defers_when_an_input_region_cannot_be_carried ... ok
test interrupted_consolidation_leaves_old_segments_published_then_resumes ... ok
test a_corrupted_consolidation_checkpoint_is_refused_and_cleared ... ok
test consolidation_merges_every_graph_segment_into_one_and_preserves_results ... ok
test drop_partition_behaves_identically_before_and_after_consolidation ... ok
test consolidation_is_deterministic_across_runs_and_interruption ... ok

test result: ok. 10 passed; 0 failed; 0 ignored; 0 measured; 0 filtered out; finished in 19.59s

     Running tests/corruption.rs (target/llvm-cov-target/debug/deps/corruption-fa9bb40ad6ab38d6)

running 2 tests
test manifest_corruption_matrix_returns_the_specific_typed_error ... ok
test segment_corruption_matrix_returns_the_specific_typed_result ... ok

test result: ok. 2 passed; 0 failed; 0 ignored; 0 measured; 0 filtered out; finished in 0.02s

     Running tests/coverage_contract.rs (target/llvm-cov-target/debug/deps/coverage_contract-183d80dcbceb22e2)

running 5 tests
test metadata_rejections_are_atomic_and_bitmap_algebra_is_exact ... ok
test public_error_contracts_keep_values_messages_and_sources ... ok
test read_only_and_closed_maintenance_paths_fail_closed_without_writes ... ok
test public_seal_cancellation_preserves_the_uncommitted_active_rows ... ok
test late_seal_cancellation_preserves_exact_active_multiset_and_emits_receipt ... ok

test result: ok. 5 passed; 0 failed; 0 ignored; 0 measured; 0 filtered out; finished in 0.01s

     Running tests/crash_matrix.rs (target/llvm-cov-target/debug/deps/crash_matrix-d1066ad6d8967740)

running 6 tests
test refinement_checkpoint_crash_matrix ... ok
test commit_manifest_crash_matrix ... ok
test write_segment_crash_matrix ... ok
test new_corruption_classes_reach_checksum_checks_for_both_protocols ... ok
test segment_then_manifest_crash_matrix ... ok
test a_crash_mid_purge_reopens_and_completes_or_restarts_cleanly ... ok

test result: ok. 6 passed; 0 failed; 0 ignored; 0 measured; 0 filtered out; finished in 1.23s

     Running tests/diagnostics_truthfulness.rs (target/llvm-cov-target/debug/deps/diagnostics_truthfulness-68fe0673b840bf4c)

running 10 tests
test the_reported_plan_equals_the_branch_the_executor_actually_took ... ok
test a_short_result_list_is_always_explained ... ok
test observed_qos_appears_in_every_diagnostics_value ... ok
test counters_are_consistent_and_move_by_known_deltas ... ok
test hybrid_without_a_tier_records_its_exact_resolution ... ok
test diagnostics_v1_shape_is_byte_identical ... ok
test scan_reason_accounting_moves_by_executed_segment ... ok
test scanned_segment_plans_have_typed_reasons ... ok
test an_exact_flag_implies_equality_with_the_oracle ... ok
test eligible_unpublished_graph_reports_graph_pending ... ok

test result: ok. 10 passed; 0 failed; 0 ignored; 0 measured; 0 filtered out; finished in 2.87s

     Running tests/embedder_seam.rs (target/llvm-cov-target/debug/deps/embedder_seam-5db6aa7f96d693e5)

running 1 test
test a_delegate_failure_or_timeout_pauses_migration_with_typed_status_and_never_half_publishes ... ok

test result: ok. 1 passed; 0 failed; 0 ignored; 0 measured; 0 filtered out; finished in 0.00s

     Running tests/epoch_contract.rs (target/llvm-cov-target/debug/deps/epoch_contract-e77fc792e6544a08)

running 16 tests
test a_manifest_registry_id_must_match_the_complete_embedding_identity ... ok
test a_read_only_open_declaring_an_epoch_against_an_unstamped_store_is_a_typed_error ... ok
test an_ingest_declaring_an_epoch_into_an_unstamped_store_is_a_typed_error ... ok
test an_ingest_with_a_matching_dimension_but_different_declared_epoch_is_a_typed_epoch_mismatch ... ok
test opening_a_store_with_a_conflicting_declared_epoch_is_a_typed_error_before_any_write ... ok
test reopening_a_store_declaring_a_different_tokenizer_epoch_alone_is_a_typed_error ... ok
test a_tokenizer_epoch_change_alone_is_a_typed_epoch_mismatch ... ok
test an_embedding_epoch_change_alone_is_a_typed_epoch_mismatch ... ok
test a_store_created_under_one_epoch_cannot_be_reopened_under_another_without_ever_sealing ... ok
test mismatched_analyzer_is_refused_not_silent ... ok
test opening_a_pre_epoch_store_with_a_declared_epoch_is_a_typed_error ... ok
test an_ingest_without_a_declared_epoch_into_an_epoch_stamped_store_is_a_typed_error ... ok
test opening_an_epoch_stamped_store_without_declaring_an_epoch_is_a_typed_error ... ok
test every_search_outcome_from_an_epoch_stamped_store_names_that_store_epoch ... ok
test a_rejected_epoch_mismatch_leaves_the_generation_and_every_search_result_unchanged ... ok
test the_declared_epoch_survives_ingest_seal_close_and_reopen ... ok

test result: ok. 16 passed; 0 failed; 0 ignored; 0 measured; 0 filtered out; finished in 0.02s

     Running tests/filter_conformance.rs (target/llvm-cov-target/debug/deps/filter_conformance-52be82f268cdaef9)

running 1 test
test every_registered_filter_cell_is_exact_or_counted_as_skipped ... ok

test result: ok. 1 passed; 0 failed; 0 ignored; 0 measured; 0 filtered out; finished in 8.25s

     Running tests/format_golden.rs (target/llvm-cov-target/debug/deps/format_golden-46a3969d8b21faae)

running 9 tests
test every_segment_epoch_tag_must_name_an_epoch_registry_entry ... ok
test a_published_alias_must_name_an_epoch_registry_entry ... ok
test format_frame_golden_is_byte_exact_and_semantically_exact ... ok
test family_10_v1_manifest_fixtures_are_explicitly_rejected ... ok
test manifest_clustering_range_extension_is_byte_exact ... ok
test a_manifest_with_epoch_registry_alias_and_segment_epoch_tags_is_byte_exact ... ok
test purge_intent_v1_is_byte_exact ... ok
test prechange_segment_fixture_opens_without_postings ... ok
test format_every_registered_family_and_edge_shape_matches_checked_in_golden ... ok

test result: ok. 9 passed; 0 failed; 0 ignored; 0 measured; 0 filtered out; finished in 0.02s

     Running tests/format_validation.rs (target/llvm-cov-target/debug/deps/format_validation-e4ed4e808cf8311c)

running 5 tests
test format_registry_and_hex_errors_are_typed ... ok
test persisted_error_types_preserve_sources_and_actionable_values ... ok
test frame_decoder_names_every_failed_check ... ok
test manifest_clustering_extension_rejects_each_semantic_corruption ... ok
test manifest_codec_roundtrips_all_fields_and_rejects_payload_shapes ... ok

test result: ok. 5 passed; 0 failed; 0 ignored; 0 measured; 0 filtered out; finished in 0.00s

     Running tests/fts_format_golden.rs (target/llvm-cov-target/debug/deps/fts_format_golden-dbe87bb2eeda90fb)

running 8 tests
test regenerate_fts_goldens ... ignored, generator, not a gate; run deliberately on a format change
test the_persisted_geometry_constants_are_the_ones_the_goldens_were_built_with ... ok
test sealed_norms_golden_bytes_are_frozen ... ok
test the_task_07_postings_reservation_stays_byte_identical ... ok
test sealed_dictionary_golden_bytes_are_frozen ... ok
test sealed_postings_golden_bytes_are_frozen ... ok
test the_default_geometry_also_round_trips_through_its_own_golden ... ok
test sealed_postings_v2_golden_bytes_are_frozen ... ok

test result: ok. 7 passed; 0 failed; 1 ignored; 0 measured; 0 filtered out; finished in 0.00s

     Running tests/fusion_e2e.rs (target/llvm-cov-target/debug/deps/fusion_e2e-602c23478eb10432)

running 4 tests
test the_vector_window_entering_fusion_is_exactly_rescored ... ok
test fusion_under_a_tight_deadline_returns_the_typed_timeout_with_partial_false ... ok
test fused_e2e_goldens_on_a_corpus_where_the_legs_disagree_on_purpose ... ok
test a_segment_without_document_identity_is_a_typed_error_for_hybrid_queries ... ok

test result: ok. 4 passed; 0 failed; 0 ignored; 0 measured; 0 filtered out; finished in 0.01s

     Running tests/fusion_props.rs (target/llvm-cov-target/debug/deps/fusion_props-ca27f2235869f279)

running 12 tests
test fusion_policy_constants_are_pinned_to_their_measured_or_placeholder_values ... ok
test validation_rejects_every_invalid_leg_shape_at_its_exact_rank ... ok
test alpha_and_leg_failures_are_typed_displayable_and_short_circuit ... ok
test bounded_fusion_rejects_bounds_that_contradict_the_window ... ok
test degenerate_legs_take_the_rrf_fallback_and_the_report_says_so ... ok
test transparent_hits_and_accessors_preserve_native_leg_facts ... ok
test tied_input_iteration_order_never_changes_the_fused_result ... ok
test a_quoted_phrase_query_shifts_alpha_and_the_report_names_the_rule ... ok
test alpha_one_reproduces_dense_order_and_alpha_zero_reproduces_lexical_order ... ok
test reports_distinguish_stability_exhaustion_and_budget_materialization ... ok
test affine_transforming_one_legs_raw_scores_never_changes_the_fused_order ... ok
test iterator_fusion_equals_fusing_the_complete_score_lists_offline ... ok

test result: ok. 12 passed; 0 failed; 0 ignored; 0 measured; 0 filtered out; finished in 0.05s

     Running tests/graph_node_blocks.rs (target/llvm-cov-target/debug/deps/graph_node_blocks-a8bedd0d122992e0)

running 10 tests
test graph_node_block_writer_rejects_invalid_layouts_and_nodes ... ok
test graph_node_block_alignment_and_stride ... ok
test graph_node_block_decoder_rejects_each_malformed_field ... ok
test graph_segment_writer_rejects_mismatched_dimensions_and_node_count ... ok
test graph_node_block_goldens_are_byte_exact ... ok
test prop_graph_node_block_round_trip_and_corruption_is_typed ... ok
test graph_node_block_round_trip_through_mapped_accessor ... ok
test corrupt_graph_fallback_retains_the_complete_boundary_tie_set ... ok
test graph_segment_reader_rejects_checksum_valid_geometry_mismatches ... ok
test graph_reader_validates_every_node_after_forgeable_checksums ... ok

test result: ok. 10 passed; 0 failed; 0 ignored; 0 measured; 0 filtered out; finished in 0.03s

     Running tests/health.rs (target/llvm-cov-target/debug/deps/health-f5e94faf8b2f9228)

running 9 tests
test self_check_after_close_reports_a_typed_state_failure_without_partial_samples ... ok
test health_starts_unchecked_and_full_self_check_marks_examined_artifacts_healthy ... ok
test successful_checkpoint_scope_revalidation_clears_a_removed_fault ... ok
test self_check_examines_the_consolidation_checkpoint_like_a_graph_checkpoint ... ok
test pending_docs_drops_to_zero_after_seal_and_rises_by_the_batch_size_on_ingest ... ok
test retained_through_reflects_an_executed_retention_run_and_last_maintenance_matches ... ok
test self_check_samples_only_live_active_and_sealed_documents_against_the_exact_oracle ... ok
test self_check_validates_a_good_checkpoint_and_attributes_independent_artifact_damage ... ok
test self_check_attributes_and_clears_only_the_exact_revalidated_region ... ok

test result: ok. 9 passed; 0 failed; 0 ignored; 0 measured; 0 filtered out; finished in 0.02s

     Running tests/hybrid_bounded.rs (target/llvm-cov-target/debug/deps/hybrid_bounded-f3b18ee173ae2d6c)

running 28 tests
test astra_03_empty_and_zero_range_legs_have_defined_scores ... ok
test astra_06_rescored_scan_reports_exact_scores_and_approximate_coverage ... ok
test astra_09_structured_widening_reuses_expansions_and_constants ... ok
test astra_00_cross_fill_counts_exact_rows_and_bytes ... ok
test astra_00_lexical_window_survives_worker_handoff ... ok
test astra_09_widening_prepares_lexical_statistics_once_for_both_legs ... ok
test astra_09_widening_cross_scores_each_candidate_once ... ok
test astra_00_cache_receipts_belong_to_the_query ... ok
test astra_09_reused_rounds_match_fresh_rounds_in_scores_and_termination ... ok
test astra_01_exact_hybrid_can_still_certify ... ok
test astra_10_expansion_provenance_matches_contributing_terms ... ok
test astra_09_small_then_large_query_releases_accounted_capacity_on_drop ... ok
test astra_10_combined_winner_below_each_expansion_cutoff_survives ... ok
test astra_10_empty_expansion_needs_no_live_scoring_statistics ... ok
test astra_10_small_structured_window_retains_only_bounded_candidates ... ok
test astra_10_structured_collector_reserves_and_releases_its_capacity ... ok
test astra_03_structured_anchor_uses_the_exact_combined_maximum ... ok
test astra_09_widening_retains_candidate_buffers_between_rounds ... ok
test hybrid_widens_and_reports_the_round_count_when_the_first_window_is_unproven ... ok
test astra_10_phrase_rejections_do_not_consume_topk_capacity ... ok
test astra_09_query_reuse_never_crosses_epoch_source_or_revision ... ok
test astra_09_supported_scan_round_prepares_once_across_active_and_sealed_sources ... ok
test astra_10_structured_standalone_and_hybrid_share_exact_lexical_scores ... ok
test astra_03_window_size_does_not_renormalize_seen_documents ... ok
test astra_03_vector_winner_receives_bm25_below_lexical_window ... ok
test astra_03_unseen_lexical_contribution_is_not_erased_by_window_floor ... ok
test astra_03_bounded_exact_matches_independent_fixed_policy_oracle ... ok
test hybrid_top_k_equals_offline_fusion_of_the_truncated_exact_lists ... ok

test result: ok. 28 passed; 0 failed; 0 ignored; 0 measured; 0 filtered out; finished in 1.82s

     Running tests/hybrid_identity.rs (target/llvm-cov-target/debug/deps/hybrid_identity-d1725e1a75c36796)

running 3 tests
test matching_legacy_postings_row_without_stored_text_is_a_typed_snippet_error ... ok
test postings_segment_without_document_identity_is_a_typed_error ... ok
test a_hybrid_query_does_not_let_the_lexical_path_skip_the_identity_proof ... ok

test result: ok. 3 passed; 0 failed; 0 ignored; 0 measured; 0 filtered out; finished in 0.01s

     Running tests/ingest_visibility.rs (target/llvm-cov-target/debug/deps/ingest_visibility-cd9f9a343b6153be)

running 18 tests
test ingest_public_batches_and_errors_preserve_typed_context ... ok
test recovery_errors_preserve_typed_context ... ok
test ingest_on_a_read_only_store_is_typed_error ... ok
test every_active_segment_byte_is_accounted ... ok
test replaying_same_revision_is_noop ... ok
test post_ack_batch_retry_emits_one_replay_receipt_without_mutation ... ok
test deleted_doc_is_not_returned_and_is_durable ... ok
test higher_revision_supersedes_and_old_never_returned ... ok
test ingest_ack_returns_the_generation_it_acted_on ... ok
test committed_write_is_visible_to_next_query ... ok
test lower_revision_after_higher_is_rejected_typed ... ok
test reopen_after_ingest_recovers_acknowledged_writes ... ok
test reopen_replays_delete_into_active_segment ... ok
test ingest_batch_commits_every_document_in_one_generation ... ok
test partial_batch_append_error_preserves_clean_prefix_and_emits_receipt ... ok
test reopen_rejects_torn_tail_and_middle_checksum_corruption_typed ... ok
test global_row_ids_distinguish_active_and_every_sealed_row_zero ... ok
test queries_admit_while_a_durable_commit_is_in_flight ... ok

test result: ok. 18 passed; 0 failed; 0 ignored; 0 measured; 0 filtered out; finished in 0.03s

     Running tests/kernels.rs (target/llvm-cov-target/debug/deps/kernels-38c248727a938347)

running 34 tests
test kernels::knob_space_is_registered_as_data_for_task_27_h ... ok
test kernels::gather_rejects_a_row_length_mismatch_in_each_pointer_slot ... ok
test kernels::dispatch_errors_and_variants_have_actionable_debug_text ... ok
test kernels::hamming_counts_all_bits_in_final_packed_byte ... ok
test kernels::f16_special_values_have_defined_ieee_behavior ... ok
test kernels::packed_dot_ignores_unused_trailing_fields ... ok
test kernels::aarch64_runtime_exposes_neon_variant ... ok
test kernels::empty_batches_are_defined_without_panics ... ok
test kernels::gather_rejects_or_debug_asserts_a_malformed_shape ... ok
test kernels::packed_dot_public_surface_matches_worked_examples ... ok
test kernels::packed_dot_batches_match_worked_single_calls ... ok
test kernels::gather_handles_non_adjacent_rows_in_arbitrary_order ... ok
test kernels::perf_hamming_batch_768_1m_is_at_most_10ms ... ignored, wall-clock performance gate; run release-mode on macOS CI
test kernels::perf_i8_batch_768_100k_is_at_least_8_gbps ... ignored, wall-clock performance gate; run release-mode on macOS CI
test kernels::gather_scores_are_bit_identical_to_the_scalar_oracle ... ok
test kernels::i8mm_variant_is_registered_and_batch_layout_matches_scalar ... ok
test kernels::gather_scores_are_bit_identical_to_the_contiguous_batch_kernel ... ok
test kernels::prefetch_ladder_preserves_dispatched_gather_scores ... ok
test kernels::i8_accumulator_bound_and_max_dimension_guard_hold ... ok
test kernels::i8_min_and_non_lane_tails_are_exact ... ok
test kernels::public_api_matches_scalar_oracle ... ok

running 1 test
test kernels::dispatch_forced_arm_override_is_typed_and_never_executes_unsupported_code ... ok

test result: ok. 1 passed; 0 failed; 0 ignored; 0 measured; 33 filtered out; finished in 0.00s

test kernels::packed_dot_tails_and_byte_boundaries_equal_scalar ... ok

running 1 test
test kernels::dispatch_forced_arm_override_is_typed_and_never_executes_unsupported_code ... ok

test result: ok. 1 passed; 0 failed; 0 ignored; 0 measured; 33 filtered out; finished in 0.00s


running 1 test
test kernels::dispatch_forced_arm_override_is_typed_and_never_executes_unsupported_code ... ok

test result: ok. 1 passed; 0 failed; 0 ignored; 0 measured; 33 filtered out; finished in 0.00s


running 1 test
test kernels::dispatch_forced_arm_override_is_typed_and_never_executes_unsupported_code ... ok

test result: ok. 1 passed; 0 failed; 0 ignored; 0 measured; 33 filtered out; finished in 0.00s


running 1 test
test kernels::dispatch_forced_arm_override_is_typed_and_never_executes_unsupported_code ... ok

test result: ok. 1 passed; 0 failed; 0 ignored; 0 measured; 33 filtered out; finished in 0.00s


running 1 test
test kernels::dispatch_forced_arm_override_is_typed_and_never_executes_unsupported_code ... ok

test result: ok. 1 passed; 0 failed; 0 ignored; 0 measured; 33 filtered out; finished in 0.00s

test kernels::bit4_prepared_max_dimension_intermediates_remain_exact ... ok

running 1 test
test kernels::dispatch_forced_arm_override_is_typed_and_never_executes_unsupported_code ... ok

test result: ok. 1 passed; 0 failed; 0 ignored; 0 measured; 33 filtered out; finished in 0.00s


running 1 test
test kernels::dispatch_forced_arm_override_is_typed_and_never_executes_unsupported_code ... ok

test result: ok. 1 passed; 0 failed; 0 ignored; 0 measured; 33 filtered out; finished in 0.00s

test kernels::dispatch_forced_arm_override_is_typed_and_never_executes_unsupported_code ... ok
test kernels::prop_batch_equals_n_single_calls ... ok
test kernels::prop_gather_equals_scalar_oracle_bitwise ... ok
test kernels::prop_bit4_prepared_score_batch_equals_scalar ... ok
test kernels::prop_bit4_batch_equals_n_single_calls ... ok
test kernels::prop_bit4_prepared_all_arms_equal_scalar ... ok
test kernels::prop_bit4_all_arms_equal_scalar ... ok
test kernels::prop_neon_i8_dot_equals_scalar ... ok
test kernels::prop_hamming_equals_scalar ... ok
test kernels::prop_f16_dot_equals_scalar_within_one_ulp ... ok
test kernels::prop_f32_dot_equals_scalar_with_relative_epsilon ... ok

test result: ok. 32 passed; 0 failed; 2 ignored; 0 measured; 0 filtered out; finished in 1.70s

     Running tests/lexical_extras.rs (target/llvm-cov-target/debug/deps/lexical_extras-ade351e868373804)

running 11 tests
test reverse_prefix_expansion_prevents_stemming_flicker ... ok
test astra_12_term_and_phrase_still_build_no_vocabulary ... ok
test terms_with_prefix_finds_meeting_and_uses_divided_prefix_boosts ... ok
test astra_14_phonetic_encodes_vocabulary_once ... ok
test astra_12_vocabulary_reused_until_exact_inputs_change ... ok
test phrase_matches_iff_naive_token_stream_scan_matches ... ok
test prefix_results_equal_brute_force_over_the_dictionary ... ok
test fuzzy_results_equal_brute_force_edit_distance_over_the_dictionary ... ok
test snippet_ranges_are_in_bounds_utf8_valid_and_contain_the_matched_surface_form ... ok
test snippets_are_deterministic_across_runs ... ok
test indexed_phrase_agrees_with_the_model_on_analyzed_documents ... ok

test result: ok. 11 passed; 0 failed; 0 ignored; 0 measured; 0 filtered out; finished in 0.22s

     Running tests/lexical_stats_consistency.rs (target/llvm-cov-target/debug/deps/lexical_stats_consistency-cf50af66bda16dcc)

running 15 tests
test astra_15_wrong_segment_count_precedes_row_validation ... ok
test astra_16_retention_reuses_survivor_with_new_source_ordinal ... ok
test astra_17_retention_reuses_tombstoned_survivor_df ... ok
test purging_already_deleted_rows_is_a_no_op_on_bm25_stats ... ok
test tombstoned_term_rows_do_not_change_bm25_at_physical_purge ... ok
test astra_17_live_df_invalidates_on_delete_and_not_unrelated_query ... ok
test delete_and_purge_of_the_same_rows_yield_identical_bm25_stats ... ok
test astra_16_cached_global_stats_match_exhaustive_live_model ... ok
test astra_16_alive_change_invalidates_only_affected_contribution ... ok
test astra_02_candidate_bm25_matches_exhaustive_scores ... ok
test astra_15_live_assembly_only_walks_rows_for_token_summation ... ok
test astra_16_active_ingest_reuses_unchanged_sealed_lexical_statistics ... ok
test astra_17_live_df_scans_once_for_repeated_immutable_term ... ok
test astra_15_allow_list_reports_same_first_invalid_row ... ok
test astra_15_allow_list_validation_does_not_visit_every_valid_row ... ok

test result: ok. 15 passed; 0 failed; 0 ignored; 0 measured; 0 filtered out; finished in 2.12s

     Running tests/manifest.rs (target/llvm-cov-target/debug/deps/manifest-fc3287adce5382de)

running 5 tests
test manifest_refuses_ahead_of_log ... ok
test manifest_commit_is_atomic_under_rename ... ok
test open_touches_only_manifest_and_headers ... ok
test manifest_orphan_sweep_uses_reachability_and_writing_exclusions ... ok
test prop_orphan_sweep_matches_random_reachable_unreachable_mixes ... ok

test result: ok. 5 passed; 0 failed; 0 ignored; 0 measured; 0 filtered out; finished in 0.14s

     Running tests/metadata_error_reachability.rs (target/llvm-cov-target/debug/deps/metadata_error_reachability-2e3ace7467591890)

running 31 tests
test oracle::tests::canonical_digests_bind_each_owned_input_and_observation_family ... ok
test oracle::tests::i36_plant_reports_exact_source_column_row_and_primitives ... ok
test oracle::tests::i36_literal_alive_parser_rejects_truncation_tail_and_trailing_bytes ... ok
test oracle::tests::i37_clean_observation_is_accepted_before_set_plant ... ok
test oracle::tests::i36_clean_observation_is_accepted_before_presence_and_dictionary_plants ... ok
test oracle::tests::i38_refuses_a_live_baseline_hit_without_source_metadata ... ok
test oracle::tests::i38_clean_result_is_accepted_before_drop_and_prune_plant ... ok
test oracle::tests::i39_clean_execution_branch_is_accepted_before_report_plant ... ok
test oracle::tests::i36_literal_parser_exposes_exact_semantic_spans_for_clean_bytes ... ok
test oracle::tests::i37_plant_reports_operator_path_and_extra_row ... ok
test oracle::tests::i38_requires_one_report_and_receipt_for_every_required_source ... ok
test oracle::tests::i38_plant_reports_unsound_prune_and_missing_exact_hit ... ok
test oracle::tests::i39_exact_work_counter_plant_is_rejected ... ok
test oracle::tests::i36_literal_parser_preserves_every_type_null_and_ieee_bits ... ok
test oracle::tests::i39_expected_case_rejects_a_receipt_from_the_wrong_lifecycle_leg ... ok
test oracle::tests::i37_matrix_uses_literal_btreeset_algebra_and_alive_bounded_not ... ok
test oracle::tests::i36_independent_malformed_catalog_covers_required_layout_classes ... ok
test oracle::tests::i39_missing_production_receipt_is_a_named_failure ... ok
test alive_out_of_range_is_typed_and_bitmap_atomic ... ok
test oracle::tests::i39_plant_reports_exact_query_source_branch_mismatch ... ok
test schema_errors_are_reached_through_schema_new ... ok
test builder_overflow_guards_are_typed_distinct_and_row_atomic ... ok
test eval_errors_fire_through_public_evaluate_with_real_inputs ... ok
test public_executor_maps_evaluator_row_count_mismatch_exactly ... ok
test public_executor_rejects_a_planted_reported_branch_lie ... ok
test public_filtered_search_maps_predicate_errors_without_mutation ... ok
test public_ingest_build_errors_leave_generation_wal_and_query_state_unchanged ... ok
test checked_columns_fixed_header_and_numeric_truncations_reach_the_decoder ... ok
test checked_malformed_catalog_covers_remaining_row_and_length_guards ... ok
test checked_columns_and_alive_corruptions_reach_exact_semantic_decoders ... ok
test every_installable_malformed_columns_and_alive_case_reaches_public_store ... ok

test result: ok. 31 passed; 0 failed; 0 ignored; 0 measured; 0 filtered out; finished in 0.05s

     Running tests/metadata_filter_invariants.rs (target/llvm-cov-target/debug/deps/metadata_filter_invariants-e2c59889e4ef66bc)

running 28 tests
test oracle::tests::i36_literal_alive_parser_rejects_truncation_tail_and_trailing_bytes ... ok
test oracle::tests::i37_clean_observation_is_accepted_before_set_plant ... ok
test oracle::tests::i36_clean_observation_is_accepted_before_presence_and_dictionary_plants ... ok
test oracle::tests::i36_plant_reports_exact_source_column_row_and_primitives ... ok
test oracle::tests::i36_literal_parser_exposes_exact_semantic_spans_for_clean_bytes ... ok
test oracle::tests::i36_literal_parser_preserves_every_type_null_and_ieee_bits ... ok
test oracle::tests::canonical_digests_bind_each_owned_input_and_observation_family ... ok
test oracle::tests::i36_independent_malformed_catalog_covers_required_layout_classes ... ok
test oracle::tests::i38_clean_result_is_accepted_before_drop_and_prune_plant ... ok
test oracle::tests::i38_refuses_a_live_baseline_hit_without_source_metadata ... ok
test oracle::tests::i38_plant_reports_unsound_prune_and_missing_exact_hit ... ok
test oracle::tests::i37_plant_reports_operator_path_and_extra_row ... ok
test oracle::tests::i38_requires_one_report_and_receipt_for_every_required_source ... ok
test oracle::tests::i39_clean_execution_branch_is_accepted_before_report_plant ... ok
test oracle::tests::i39_exact_work_counter_plant_is_rejected ... ok
test oracle::tests::i37_matrix_uses_literal_btreeset_algebra_and_alive_bounded_not ... ok
test oracle::tests::i39_expected_case_rejects_a_receipt_from_the_wrong_lifecycle_leg ... ok
test oracle::tests::i39_missing_production_receipt_is_a_named_failure ... ok
test oracle::tests::i39_plant_reports_exact_query_source_branch_mismatch ... ok
test i39_public_store_attests_both_sides_of_the_exact_threshold ... ok
test filtered_public_ties_order_document_id_before_physical_source ... ok
test i38_public_multisegment_pruning_preserves_every_independent_exact_hit ... ok
test i36_all_null_nullable_dictionary_reopens_without_inventing_a_value ... ok
test i37_public_evaluator_matches_independent_btreeset_algebra ... ok
test i39_graph_fixture_is_published_by_the_public_store_lifecycle ... ok
test i39_public_graph_clean_fault_retry_uses_actual_traversal_and_fallback_work ... ok
test i37_graph_backed_filter_matches_independent_timestamp_range ... ok
test i37_full_45_case_matrix_runs_against_graph_published_public_store ... ok

test result: ok. 28 passed; 0 failed; 0 ignored; 0 measured; 0 filtered out; finished in 0.44s

     Running tests/migration_e2e.rs (target/llvm-cov-target/debug/deps/migration_e2e-1e8fde88675523e8)

running 3 tests
test an_alias_cannot_publish_an_incomplete_target_epoch ... ok
test drop_epoch_commits_the_manifest_before_unlinking ... ok
test rollback_preserves_old_epoch_results_exactly_and_rollback_after_drop_epoch_is_a_typed_error ... ok

test result: ok. 3 passed; 0 failed; 0 ignored; 0 measured; 0 filtered out; finished in 0.01s

     Running tests/planner_props.rs (target/llvm-cov-target/debug/deps/planner_props-da4c6a75cf9f7f42)

running 6 tests
test pruning_by_clustering_range_never_drops_a_matching_segment ... ok
test a_type_mismatched_value_is_rejected_at_plan_time ... ok
test an_unknown_column_is_rejected_at_plan_time_with_a_typed_error ... ok
test a_filtered_query_over_the_active_segment_matches_the_oracle ... ok
test plan_branch_is_deterministic_for_fixed_stats ... ok
test the_lexical_allow_list_drive_and_post_check_paths_agree_exactly ... ok

test result: ok. 6 passed; 0 failed; 0 ignored; 0 measured; 0 filtered out; finished in 0.01s

     Running tests/portable_store_fixture.rs (target/llvm-cov-target/debug/deps/portable_store_fixture-263eea863df7e2fd)

running 3 tests
test a_fixture_written_elsewhere_opens_here ... ignored, cross-platform exchange: set ZE_PORTABLE_FIXTURE_DIR and run deliberately
test emit_portable_fixture ... ignored, cross-platform exchange: set ZE_PORTABLE_FIXTURE_OUT and run deliberately
test a_portable_fixture_round_trips_in_this_process ... ok

test result: ok. 1 passed; 0 failed; 2 ignored; 0 measured; 0 filtered out; finished in 0.04s

     Running tests/postings_region_golden.rs (target/llvm-cov-target/debug/deps/postings_region_golden-f7d858f62714ef94)

running 1 test
test whole_postings_region_v1_is_byte_exact ... ok

test result: ok. 1 passed; 0 failed; 0 ignored; 0 measured; 0 filtered out; finished in 0.00s

     Running tests/prune_contracts.rs (target/llvm-cov-target/debug/deps/prune_contracts-b4934a5b7568e220)

running 12 tests
test capture_contracts ... ignored, capture mode; a human approves the numbers by committing them
test strategy_selection_follows_the_recorded_rule ... ok
test a_malformed_contract_line_fails_loudly_rather_than_being_skipped ... ok
test short_list_query_takes_no_pruning_decision ... ok
test the_exhaustive_path_never_skips_a_block ... ok
test maxscore_on_a_long_query_also_evaluates_fewer_documents ... ok
test two_term_zipf_query_at_k10_evaluates_at_most_the_contracted_fraction ... ok
test two_term_wand_at_one_hundred_thousand_documents ... ok
test six_term_maxscore_at_one_hundred_thousand_documents ... ok
test strategy_rule_matches_the_counters_it_was_calibrated_from ... ok
test block_max_wand_skips_blocks_it_can_prove_unreachable has been running for over 60 seconds
test block_max_wand_skips_less_as_k_rises has been running for over 60 seconds
test block_max_wand_skips_blocks_it_can_prove_unreachable ... ok
test block_max_wand_skips_less_as_k_rises ... ok

test result: ok. 11 passed; 0 failed; 1 ignored; 0 measured; 0 filtered out; finished in 75.27s

     Running tests/prune_equivalence.rs (target/llvm-cov-target/debug/deps/prune_equivalence-b85cba7aa6ff18f0)

running 6 tests
test pruning_agrees_when_k_exceeds_the_corpus ... ok
test pruning_agrees_after_average_document_length_drifts_across_segments ... ok
test the_selected_strategy_agrees_with_the_exhaustive_scorer ... ok
test prop_pruned_topk_equals_exhaustive ... ok
test pruning_agrees_on_a_corpus_that_spans_many_blocks ... ok
test block_skipping_returns_bit_identical_hits_and_scores ... ok

test result: ok. 6 passed; 0 failed; 0 ignored; 0 measured; 0 filtered out; finished in 11.81s

     Running tests/purge_proof.rs (target/llvm-cov-target/debug/deps/purge_proof-2e5201464b119b57)

running 17 tests
test purge_crash_receipt_child_helper ... ignored, subprocess-only helper selected by the parent purge crash test
test purge_refuses_without_temp_space_and_leaves_the_store_intact ... ok
test purge_of_an_unknown_id_is_a_no_op_and_reports_it ... ok
test purge_does_not_reuse_acknowledged_sequence ... ok
test bl_135_purge_persists_acked_generation_with_nonempty_wal ... ok
test active_only_purge_compacts_rows_preserves_tombstones_and_reopens ... ok
test purge_does_not_leave_a_graph_pointing_at_stale_row_ids ... ok
test int8_physical_purge_preserves_surviving_codes_and_tombstones ... ok
test physical_purge_preserves_every_typed_metadata_column_and_null ... ok
test purge_renumbers_surviving_rows_consistently ... ok

running 1 test
test purge_crash_receipt_child_helper ... test purge_scrubs_wal_records_that_carried_purged_payloads ... ok
test pending_physical_purge_is_completed_during_reopen ... ok
test purge_keeps_acked_wal_after_failed_seal_commit ... ok
test unlink_error_receipt_precedes_reopen_completion_and_sentinel_erasure ... ok
test durable_intent_crash_receipt_reopens_to_complete_physical_purge ... ok
test purged_sentinels_are_absent_from_every_file_under_the_store ... ok
test purge_token_resolves_only_after_the_bytes_are_gone ... ok

test result: ok. 16 passed; 0 failed; 1 ignored; 0 measured; 0 filtered out; finished in 0.17s

     Running tests/query_lifecycle.rs (target/llvm-cov-target/debug/deps/query_lifecycle-2e4de7e14d99e195)

running 12 tests
test astra_07_cancelled_materialization_does_not_report_published_kernel_results ... ok
test astra_07_materialization_survives_physical_purge_of_its_source ... ok
test in_flight_cancel_token_interrupts_without_partial_results ... ok
test already_expired_deadline_wins_when_a_tiny_scan_finishes_first ... ok
test persistent_query_pool_reuses_threads_across_queries ... ok
test deadline_cancellation_is_checked_inside_every_encoded_scan_loop ... ok
test slow_scan_with_deadline_returns_typed_timeout ... ok
test query_validation_and_error_surfaces_remain_typed ... ok
test cancelled_query_releases_its_snapshot_lease ... ok
test admitted_read_observes_close_cancellation_without_caller_cooperation ... ok
test astra_07_close_during_materialization_joins_or_cancels_without_partial_hits ... ok
test astra_07_materialization_survives_consolidation_with_original_lease ... ok

test result: ok. 12 passed; 0 failed; 0 ignored; 0 measured; 0 filtered out; finished in 1.10s

     Running tests/query_path_checksums.rs (target/llvm-cov-target/debug/deps/query_path_checksums-f4bd7cbb326ed4f8)

running 1 test
test query_paths_never_call_a_verifying_segment_accessor ... ok

test result: ok. 1 passed; 0 failed; 0 ignored; 0 measured; 0 filtered out; finished in 0.02s

     Running tests/query_ready_views.rs (target/llvm-cov-target/debug/deps/query_ready_views-cea5b8485f2a40f8)

running 7 tests
test active_lexical_view_is_sealed_once_per_active_generation ... ok
test document_version_hashes_the_region_once_per_reader ... ok
test warm_lexical_query_does_not_redecode_postings ... ok
test warm_filtered_query_does_not_redecode_columns_or_alive_state ... ok
test snapshot_query_view_bytes_are_exactly_accounted ... ok
test warm_graph_query_does_not_rehash_rescore_region ... ok
test touched_rescore_chunk_corruption_still_fails_loudly_and_restores ... ok

test result: ok. 7 passed; 0 failed; 0 ignored; 0 measured; 0 filtered out; finished in 0.02s

     Running tests/retention.rs (target/llvm-cov-target/debug/deps/retention-b573c631d0579b22)

running 13 tests
test drop_partition_on_an_empty_range_is_a_no_op_and_reports_it ... ok
test drop_partition_skips_a_segment_that_straddles_the_range ... ok
test a_reopen_after_a_failed_unlink_sweeps_the_orphaned_segment_file ... ok
test drop_partition_reports_committed_ok_when_a_post_commit_unlink_fails ... ok
test dropped_documents_are_not_returned_by_later_queries ... ok
test a_query_running_during_a_drop_still_completes_and_sees_its_pinned_rows ... ok
test drop_partition_commits_the_manifest_before_unlinking ... ok
test ingest_ack_survives_a_failed_replaced_segment_unlink ... ok
test sealed_segments_carry_their_clustering_key_range ... ok
test retention_hook_drops_only_partitions_outside_the_window ... ok
test drop_partition_unlinks_and_costs_o_manifest ... ok
test explicit_clock_cutoff_emits_receipt_and_keeps_timestamp_equal_to_cutoff ... ok
test drop_partition_stays_ok_when_the_post_commit_directory_sync_fails ... ok

test result: ok. 13 passed; 0 failed; 0 ignored; 0 measured; 0 filtered out; finished in 0.06s

     Running tests/rss_flatness.rs (target/llvm-cov-target/debug/deps/rss_flatness-8366e7e5d4e33caf)

running 1 test
test rss_flatness ... ignored, macOS CI phys_footprint gate; intentionally not part of local cargo test

test result: ok. 0 passed; 0 failed; 1 ignored; 0 measured; 0 filtered out; finished in 0.00s

     Running tests/scan_bench_cli.rs (target/llvm-cov-target/debug/deps/scan_bench_cli-02aa9ca161c7755f)

running 4 tests
test scan_benchmark_repeat_validation_rejects_zero_or_missing_values ... ok
test scan_benchmark_repeats_reuse_one_fixture_build ... ok
test scan_benchmark_single_repeat_preserves_timing_output ... ok
test scan_benchmark_zero_duration_has_zero_relative_standard_deviation ... ok

test result: ok. 4 passed; 0 failed; 0 ignored; 0 measured; 0 filtered out; finished in 0.00s

     Running tests/seal.rs (target/llvm-cov-target/debug/deps/seal-b0ea00bb41108ae4)

running 13 tests
test seal_of_an_empty_active_segment_is_an_idempotent_no_op_returning_the_current_generation ... ok
test sealed_segment_is_searchable_through_store_search ... ok
test stale_revision_after_seal_is_rejected ... ok
test seal_retires_wal_records_and_wal_bytes_falls ... ok
test tombstoned_active_rows_do_not_become_live_sealed_rows ... ok
test reopen_after_seal_does_not_replay_absorbed_wal_records ... ok
test seal_refuses_a_boundary_ahead_of_the_durable_wal_end ... ok
test sealed_rows_survive_close_and_reopen ... ok
test seal_publishes_an_immutable_segment_and_empties_the_active_segment ... ok
test delete_after_seal_removes_the_row_from_search ... ok
test cancelled_seal_leaves_the_store_unchanged ... ok
test seal_retried_after_a_restart_that_already_committed_the_seal_is_a_no_op ... ok
test reingest_after_seal_replaces_rather_than_duplicating ... ok

test result: ok. 13 passed; 0 failed; 0 ignored; 0 measured; 0 filtered out; finished in 0.04s

     Running tests/segment_roundtrip.rs (target/llvm-cov-target/debug/deps/segment_roundtrip-079d94e42c66a3eb)

running 4 tests
test every_persisted_column_type_roundtrips_values_nulls_and_ieee_bits ... ok
test scheme_specific_readers_and_graph_build_reject_cross_scheme_use ... ok
test segment_large_regions_are_validated_lazily_per_64k_chunk ... ok
test prop_segment_roundtrip ... ok

test result: ok. 4 passed; 0 failed; 0 ignored; 0 measured; 0 filtered out; finished in 0.31s

     Running tests/single_writer.rs (target/llvm-cov-target/debug/deps/single_writer-ea587f5bc1371cd7)

running 7 tests
test lock_probe_child ... ignored, subprocess-only helper selected by the parent lock probe
test reopen_succeeds_on_first_attempt_while_a_spawned_child_holds_an_inherited_lock_descriptor ... ok
test pure_read_open_creates_no_files_and_takes_no_write_locks ... ok
test open_filesystem_rejections_are_typed ... ok
test second_write_open_returns_typed_store_busy_immediately ... ok
test a_refused_in_process_second_acquire_does_not_release_the_kernel_lock ... ok
test read_only_open_with_live_writer_serves_last_published_snapshot ... ok

test result: ok. 6 passed; 0 failed; 1 ignored; 0 measured; 0 filtered out; finished in 0.02s

     Running tests/snapshot_remap.rs (target/llvm-cov-target/debug/deps/snapshot_remap-13f7c5d5a32373fd)

running 12 tests
test read_only_handle_rejects_prepared_segment_ownership ... ok
test closed_handle_rejects_prepared_segment_ownership ... ok
test adopted_vector_charge_uses_capacity_not_length ... ok
test writer_rejects_a_segment_accounted_to_another_store ... ok
test read_only_handle_rejects_a_segment_prepared_by_a_writer ... ok
test seal_rejects_generation_overflow_before_writing ... ok
test int8_store_search_rejects_checksum_valid_wrong_stride ... ok
test durable_state_is_never_mapped_writable ... ok
test sealing_drops_the_anonymous_copy_and_serves_from_the_mapping ... ok
test int8_buffers_use_the_same_accounted_seal_path ... ok
test seal_generation_is_strictly_after_ingest_generations ... ok
test mapped_resident_bytes_tracks_full_touch_across_chunked_mapping ... ok

test result: ok. 12 passed; 0 failed; 0 ignored; 0 measured; 0 filtered out; finished in 0.31s

     Running tests/storage_durability_public.rs (target/llvm-cov-target/debug/deps/storage_durability_public-67f05b00f182b998)

running 22 tests
test storage_manifest_abort_child_helper ... ignored, subprocess-only helper selected by the parent publication tests
test storage_torn_wal_body_can_fire ... ok
test storage_post_commit_error_can_fire ... ok
test storage_torn_wal_checksum_can_fire ... ok

running 1 test
test storage_manifest_abort_child_helper ... test storage_torn_wal_header_can_fire ... ok

running 1 test
test storage_manifest_abort_child_helper ... test same_seed_clean_fault_and_retry_converge_exactly ... ok
test sealed_store_torn_wal_header_is_not_masked_by_manifest_coverage ... ok
test storage_wrong_manifest_object_can_fire ... ok

running 1 test
test storage_manifest_abort_child_helper ... test delete_omission_cleanup_report_is_truthful ... ok
test storage_manifest_pre_rename_crash_can_fire ... ok
test storage_corrupt_segment_region_can_fire ... ok
test retry_is_byte_idempotent_active_and_sealed ... ok
test storage_wrong_segment_object_can_fire ... ok
test draining_a_storage_receipt_does_not_rearm_the_fault ... ok
test storage_manifest_post_rename_crash_can_fire ... ok
test storage_manifest_receipt_checks_the_planned_new_segment ... ok
test storage_wrong_segment_identity_can_fire ... ok
test segment_checksum_receipts_are_scoped_to_one_store ... ok
test read_only_open_preserves_a_committed_purge_intent_and_all_store_bytes ... ok
test storage_list_omission_can_fire ... ok
test storage_delete_omission_can_fire ... ok
test store_open_cleans_only_eligible_orphans ... ok

test result: ok. 21 passed; 0 failed; 1 ignored; 0 measured; 0 filtered out; finished in 0.05s

     Running tests/storage_validation.rs (target/llvm-cov-target/debug/deps/storage_validation-94b71ba62fe0b867)

running 8 tests
test segment_writer_rejects_every_cross_region_shape_before_writing ... ok
test segment_writer_surfaces_each_vfs_commit_stage ... ok
test std_and_counting_vfs_cover_the_complete_synchronous_seam ... ok
test vfs_open_append_preserves_existing_bytes_and_syncs_the_open_handle ... ok
test alive_and_column_decoders_reject_semantically_invalid_checked_bytes ... ok
test segment_writer_names_sync_rename_and_directory_sync_failures ... ok
test column_decoder_rejects_value_bearing_semantic_corruption ... ok
test segment_header_and_vector_geometry_reject_specific_malformed_fields ... ok

test result: ok. 8 passed; 0 failed; 0 ignored; 0 measured; 0 filtered out; finished in 0.01s

     Running tests/store_graph_search.rs (target/llvm-cov-target/debug/deps/store_graph_search-db96839ad76c1524)

running 25 tests
test epoch_profile_selection_admits_matching_towers_and_refuses_mixed_towers ... ok
test angular_ingest_refuses_a_non_unit_document_before_mutation ... ok
test auto_profile_follows_epoch_normalization ... ok
test automatic_store_search_uses_best_first_frontier_before_the_ef_cutoff ... ok
test graph_diagnostics_make_membership_and_score_provenance_independent ... ok
test graph_segment_accounting_moves_only_when_traversal_serves_the_plan ... ok
test a_segment_that_earned_a_graph_still_answers_column_filters ... ok
test astra_09_graph_widening_exact_scores_each_retained_row_once ... ok
test explicit_ef_equal_to_k_still_answers_when_rows_are_deleted ... ok
test genuine_sift_epoch_selects_sift_class ... ok
test angular_graph_build_refuses_a_non_unit_persisted_row ... ok
test graph_tier_never_returns_a_tombstoned_row ... ok
test graph_tier_rejects_a_sealed_segment_without_a_graph ... ok
test graph_tier_reuses_scratch_and_entry_seeds_across_queries ... ok
test graph_tier_returns_full_k_when_many_rows_are_tombstoned ... ok
test graph_tier_scratch_is_exactly_accounted ... ok
test astra_09_mixed_graph_padding_keeps_preparation_and_physical_scores_distinct ... ok
test store_search_reaches_the_graph_tier_end_to_end ... ok
test astra_09_widening_prepares_each_geometry_once ... ok
test the_zero_point_one_percent_cell_takes_the_exact_fallback_and_the_plan_says_so ... ok
test a_filtered_graph_query_with_tombstones_uses_one_effective_mask ... ok
test a_traversal_that_crosses_the_filtered_budget_falls_back_and_still_returns_the_true_top_k ... ok
test a_widened_explicit_ef_under_a_filter_is_reported_in_the_plan ... ok
test graph_tier_query_honours_cancellation ... ok
test astra_01_approximate_stop_does_not_force_full_materialization ... ok

test result: ok. 25 passed; 0 failed; 0 ignored; 0 measured; 0 filtered out; finished in 29.19s

     Running tests/store_text_columns.rs (target/llvm-cov-target/debug/deps/store_text_columns-0c50d557965e35df)

running 31 tests
test prechange_wal_fixture_replays_to_the_same_active_state ... ok
test bitmap_wal_replays_text_and_typed_columns_before_seal ... ok

running 1 test
test lexical_leg_panic_is_typed_and_the_store_remains_usable ... ok
test hybrid_structured_accepts_terms_with_prefix ... ok
test exact_search_reports_the_norm_ball_ceiling_across_sealed_and_active_rows ... ok
test store_level_hybrid_explicit_estimated_tier_is_rejected ... ok
test row_for_document_version_locates_every_sealed_row_and_rejects_absent_revisions ... ok
test optional_text_and_columns_activate_after_text_free_rows ... ok
test hybrid_lexical_leg_reuses_one_pooled_thread_across_queries ... ok

test result: ok. 1 passed; 0 failed; 0 ignored; 0 measured; 30 filtered out; finished in 0.01s

test replacing_an_active_revision_adds_and_then_removes_optional_payloads ... ok
test hybrid_lexical_leg_reuses_one_pooled_thread_across_queries ... ok
test store_level_hybrid_explicit_exact_tier_preserves_ordered_score_bits ... ok
test store_level_hybrid_default_is_exact_and_populates_diagnostics ... ok
test store_owned_hybrid_runs_both_legs_and_names_the_lexical_thread ... ok
test astra_11_phrase_matches_persisted_positions_without_reanalysis ... ok
test physical_purge_remaps_the_postings_region_with_survivors ... ok
test stored_text_region_preserves_presence_and_utf8_after_seal ... ok
test lexical_index_cache_follows_the_active_segment_and_the_snapshot ... ok
test stored_text_returns_the_exact_active_and_sealed_document_versions ... ok
test stored_text_verifies_the_region_checksum_on_every_call_of_the_same_reader ... ok
test vector_leg_panic_is_typed_after_join_and_the_store_remains_usable ... ok
test structured_expansions_report_pinned_prefix_fuzzy_and_phonetic_boosts ... ok
test structured_phrase_query_returns_owned_utf8_snippet_and_provenance ... ok
test text_ingested_through_the_store_is_searchable_after_reopen ... ok
test astra_11_phrase_rejection_fetches_replacement_topk ... ok
test typed_column_ingested_through_public_api_filters_after_reopen ... ok
test astra_07_missing_text_or_identity_is_typed_and_store_remains_reusable ... ok
test stored_text_resolves_rows_across_segments_with_stale_revisions_and_absent_text ... ok
test astra_07_result_materialization_uses_one_admission ... ok
test store_level_hybrid_requests_the_window_not_the_corpus ... ok
test astra_07_result_text_and_revision_match_scored_snapshot ... ok
test astra_11_phrase_scratch_budget_refusal_releases_query_memory ... ok

test result: ok. 31 passed; 0 failed; 0 ignored; 0 measured; 0 filtered out; finished in 0.08s

     Running tests/tie_break_parity.rs (target/llvm-cov-target/debug/deps/tie_break_parity-3f10082e0d41a700)

running 2 tests
test filtered_exact_top_k_set_is_independent_of_ingestion_order_for_tied_scores ... ok
test exact_top_k_set_is_independent_of_ingestion_order_for_tied_scores ... ok

test result: ok. 2 passed; 0 failed; 0 ignored; 0 measured; 0 filtered out; finished in 0.01s

     Running tests/tiering.rs (target/llvm-cov-target/debug/deps/tiering-4af6dbb480f831dc)

running 11 tests
test store_search_scans_a_segment_that_has_not_been_transitioned_yet ... ok
test maintain_defers_promotion_of_segments_whose_regions_it_cannot_carry ... ok
test graph_promotion_copies_unknown_region_bytes_forward ... ok
test store_search_uses_the_graph_automatically_after_maintain ... ok
test maintain_builds_a_graph_for_a_sealed_segment_above_the_threshold ... ok
test publish_transition_unlinks_the_replaced_segment ... ok
test maintain_still_promotes_plain_vector_only_segments ... ok
test maintain_is_idempotent_and_a_second_call_does_no_work ... ok
test maintain_respects_its_budget_and_resumes_interrupted_work ... ok
test graph_promotion_preserves_stored_metadata_and_postings ... ok
test queries_never_error_or_miss_acked_docs_during_maintain ... ok

test result: ok. 11 passed; 0 failed; 0 ignored; 0 measured; 0 filtered out; finished in 4.18s

     Running tests/tokenizer_conformance.rs (target/llvm-cov-target/debug/deps/tokenizer_conformance-f97597777d9872a8)

running 13 tests
test regenerate_goldens ... ignored, generator, not a gate; run deliberately when bumping the epoch
test golden_streams_cannot_change_without_an_epoch_bump ... ok
test spoken_number_fixture_matches_its_golden_stream ... ok
test english_prose_fixture_matches_its_golden_stream ... ok
test ticket_and_sku_fixture_matches_its_golden_stream ... ok
test emoji_fixture_matches_its_golden_stream ... ok
test cjk_fixture_matches_its_golden_stream ... ok
test code_switching_fixture_matches_its_golden_stream ... ok
test apostrophe_and_hyphen_fixture_matches_its_golden_stream ... ok
test diacritic_fixture_matches_its_golden_stream ... ok
test code_identifier_fixture_matches_its_golden_stream ... ok
test email_and_url_fixture_matches_its_golden_stream ... ok
test every_fixture_produces_its_committed_token_stream ... ok

test result: ok. 12 passed; 0 failed; 1 ignored; 0 measured; 0 filtered out; finished in 0.01s

     Running tests/vector_execution_contract.rs (target/llvm-cov-target/debug/deps/vector_execution_contract-4fcae70264458f3d)

running 39 tests
test astra_04_exact_scan_measurement ... ignored, paired process exact selection measurement
test astra_05_exact_crossover_measurement ... ignored, release-only exact crossover and all-tie collector screen
test astra_05_exact_pool_measurement ... ignored, release-only FiQA worker-capacity screen; requires ASTRA05_STORE
test astra_06_mixed_tombstone_measurement ... ignored, release-only mixed-segment and tombstone rescore measurement
test astra_06_explicit_exact_and_scan_semantics_remain_distinct ... ok
test astra_06_rescore_budget_and_boundary_ties_fail_loudly ... ok
test astra_06_filtered_rescore_applies_eligibility_before_frontier ... ok
test astra_04_exact_scan_preserves_cancel_and_nonfinite_precedence ... ok
test astra_06_rescored_scan_can_miss_a_true_neighbor ... ok
test astra_06_rescore_invalid_queries_and_cancellation_fail_closed ... ok
test astra_06_rescored_scan_reports_exact_scores_and_approximate_coverage ... ok
test astra_06_rescore_corrupt_rows_fail_loudly ... ok
test astra_04_exact_scan_boundary_ties_survive_identity_join ... ok
test cancel_after_exact_active_rows_has_no_partial_result_and_retry_matches_control ... ok
test default_store_backend_observation_requires_a_real_public_score ... ok
test i25_code_length_errors_are_exact_for_both_formats ... ok
test exact_tier_scores_are_bit_identical_to_the_previous_loop ... ok
test i25_public_store_persists_exact_bit4_bytes_and_rejects_non_finite_atomically ... ok
test corrupt_bit4_factor_fires_only_in_public_store_scan_and_retry_matches_control ... ok
test corrupt_bit4_padding_fires_only_in_public_store_scan_and_retry_matches_control ... ok
test corrupt_int8_factor_fires_only_in_public_store_scan_and_retry_matches_control ... ok
test vector_backend_ids_are_unique_and_name_every_concrete_table ... ok
test identity_public_store_requires_nonempty_scores_document_ties_and_physical_identity ... ok
test quant_int8_public_store_ingest_document_leg_persists_and_reopens ... ok
test int8_factor_validation_runs_once_per_segment ... ok
test int8_scan_results_are_bit_identical_with_factor_cache ... ok
test vector_allocation_denial_hits_candidate_reserve ... ok
test astra_06_rescored_scan_matches_independent_selected_row_scores ... ok
test vector_forced_backend_requires_selected_scoring_receipt ... ok
test vector_missing_rescore_rows_fires_in_store_search ... ok
test astra_04_exact_scan_does_not_materialize_corpus_results ... ok
test astra_04_exact_scan_matches_scalar_bits_and_worst_score ... ok
test astra_05_parallel_exact_matches_serial_bits_and_identity_ties ... ok
test astra_05_exact_pool_capacity_is_shared_across_callers ... ok
test astra_05_parallel_narrowing_error_uses_global_f64_order ... ok
test astra_05_exact_pool_reservation_failure_leaves_store_reusable ... ok
test astra_05_large_exact_scan_executes_disjoint_worker_partitions ... ok
test astra_05_exact_worker_cancel_close_and_dual_failure_join_cleanly ... ok
test astra_05_exact_hybrid_widening_admits_required_workers has been running for over 60 seconds
test astra_05_exact_hybrid_widening_admits_required_workers ... ok

test result: ok. 35 passed; 0 failed; 4 ignored; 0 measured; 0 filtered out; finished in 65.98s

     Running tests/vfs_seam_closure.rs (target/llvm-cov-target/debug/deps/vfs_seam_closure-c75f2e385d6797d3)

running 1 test
test ci_gate_denies_direct_std_fs_in_closed_vfs_modules ... ok

test result: ok. 1 passed; 0 failed; 0 ignored; 0 measured; 0 filtered out; finished in 0.03s

     Running tests/wal.rs (target/llvm-cov-target/debug/deps/wal-2644cfea5c600f52)

running 15 tests
test wal_header_is_40_bytes_with_zero_file_length_and_owned_first_sequence ... ok
test wal_header_errors_display_typed_values ... ok
test wal_header_reads_first_sequence_from_family_extension ... ok
test wal_goldens_are_byte_exact_and_replay_semantically ... ok
test wal_file_header_uses_shared_layout_and_declares_first_sequence ... ok
test wal_header_rejects_nonzero_shared_file_length ... ok
test wal_record_errors_display_every_value_in_its_role ... ok
test wal_record_round_trip_checks_header_and_payload_bytes ... ok
test wal_replay_empty_and_valid_records_end_cleanly ... ok
test wal_replay_middle_corruption_is_not_treated_as_a_torn_tail ... ok
test wal_replay_rejects_each_invalid_file_header_before_records ... ok
test wal_replay_reports_sequence_gap_and_regression ... ok
test wal_replay_starts_records_at_declared_header_boundary ... ok
test wal_replay_tail_corruption_returns_valid_prefix_and_specific_reason ... ok
test wal_replay_uses_header_first_sequence_and_reports_first_mismatch ... ok

test result: ok. 15 passed; 0 failed; 0 ignored; 0 measured; 0 filtered out; finished in 0.00s

     Running tests/wal_mutation_golden.rs (target/llvm-cov-target/debug/deps/wal_mutation_golden-1e2f14ecfe8d8709)

running 12 tests
test mutation_operation_ids_are_append_only ... ok
test mutation_payload_decoder_rejects_corruption_typed ... ok
test payload_errors_name_the_rejected_invariant ... ok
test mutation_payload_decoder_rejects_each_noncanonical_field_typed ... ok
test prechange_store_wal_fixture_is_byte_exact ... ok
test every_metadata_value_has_a_canonical_round_trip ... ok
test wal_delete_payload_v1_is_byte_exact ... ok
test wal_metadata_edit_payload_v1_is_byte_exact ... ok
test wal_timestamped_upsert_payload_v1_is_byte_exact ... ok
test wal_upsert_payload_v1_is_byte_exact ... ok
test wal_stored_metadata_upsert_payloads_v1_are_byte_exact ... ok
test wal_upsert_payload_v2_bitmap_is_byte_exact ... ok

test result: ok. 12 passed; 0 failed; 0 ignored; 0 measured; 0 filtered out; finished in 0.00s

     Running tests/wal_recovery.rs (target/llvm-cov-target/debug/deps/wal_recovery-b0336cffe2d8ebd8)

running 49 tests
test child_process ... ignored, spawned only by kill9_recovery_requires_zero_manual_cleanup
test crash_support::tests::enumerates_every_prefix_including_before_first_and_after_last ... ok
test crash_support::tests::full_length_corruption_classes_are_distinct_and_deterministic ... ok
test crash_support::tests::a_sync_barrier_prevents_cross_barrier_reordering ... ok
test crash_support::tests::correct_data_sync_pointer_rename_directory_sync_protocol_passes ... ok
test crash_support::tests::reads_pass_through_without_entering_the_mutation_stream ... ok
test crash_support::tests::real_filesystem_recorder_delegates_reads_and_records_mutations ... ok
test crash_support::tests::planted_pointer_before_data_bug_is_caught ... ok
test crash_support::tests::records_every_mutation_and_payload_in_order ... ok
test crash_support::tests::sub_sector_writes_tear_from_both_edges ... ok
test commit_many_mixed_sizes_still_uses_ceil_byte_groups ... ok
test crash_support::tests::unsynced_rename_can_expose_the_sources_old_content ... ok
test commit_many_uses_one_append_and_one_sync_for_one_group ... ok
test commit_many_staging_failure_consumes_nothing ... ok
test commit_many_splits_oversized_batch_into_exact_groups ... ok
test commit_many_uses_one_shared_encoded_allocation ... ok
test commit_reuses_encoded_payload_for_visibility ... ok
test commit_many_returns_gap_free_sequences_visible_in_input_order ... ok
test commit_many_durable_stages_all_then_waits_for_the_last_flush ... ok
test evidence_ingest_throughput_per_tier ... ignored, local evidence run only
test crash_support::tests::unsynchronized_writes_may_persist_as_either_singleton ... ok
test durable_retains_every_group_whose_flush_returned ... ok
test fault_support::tests::fault_vfs_exercises_live_media_and_read_only_image_seams ... ok
test exact_flush_counts_per_tier_and_workload ... ok
test kill9_recovery_requires_zero_manual_cleanup ... ignored, real-process SIGKILL loop
test fault_support::tests::fault_append_and_blocking_decorator_cover_handle_and_path_syncs ... ok
test durable_follower_waits_for_its_ordered_or_full_sync_to_return ... ok
test flush_waits_for_records_staged_behind_an_in_flight_sync ... ok
test none_loses_tail_under_power_cut_and_nothing_under_app_crash ... ok
test one_record_commit_many_matches_commit_exactly ... ok
test ordered_never_recovers_out_of_order_and_may_lose_the_tail ... ok
test n_appends_produce_ceil_n_over_group_flushes ... ok
test real_durable_log_refuses_a_snapshot_ahead_of_replay ... ok
test visible_records_are_sequence_and_count_bounded ... ok
test retirement_refuses_a_visible_record_until_its_flush_returns ... ok
test statistics_are_fixed_size_with_exact_recent_groups ... ok
test retirement_keeps_writer_retained_bytes_bounded ... ok
test wal_bytes_grow_monotonically_without_retirement ... ok
test crash_support::tests::torn_append_keeps_prior_bytes_and_appends_only_the_boundary_prefix ... ok
test crash_support::tests::repeated_enumeration_is_byte_for_byte_deterministic ... ok
test store_lock_rejects_a_second_writer_and_releases_on_drop ... ok
test crash_support::tests::selects_edge_midpoint_and_sector_tear_points_without_a_uniform_grid ... ok
test wal_preallocation_crash_state_class_delta_is_exact ... ok
test commit_many_durable_waits_for_the_last_group_not_the_first ... ok
test recovery_invariant_all_tiers_x_ingest_seal_publish ... ok
test crash_support::tests::enumeration_cap_is_loud_and_never_exceeded ... ok
test an_adopted_manifest_from_an_interrupted_commit_is_made_durable_at_open ... ok
test wal_committed_supersede_leaves_no_stale_sealed_revision_after_manifest_commit_crash ... ok
test wal_committed_delete_of_sealed_document_stays_gone_after_manifest_commit_crash ... ok

test result: ok. 46 passed; 0 failed; 3 ignored; 0 measured; 0 filtered out; finished in 0.09s

     Running tests/windows_durability.rs (target/llvm-cov-target/debug/deps/windows_durability-c6a78a91245b10ce)

running 0 tests

test result: ok. 0 passed; 0 failed; 0 ignored; 0 measured; 0 filtered out; finished in 0.00s

     Running tests/windows_reclamation.rs (target/llvm-cov-target/debug/deps/windows_reclamation-0bda4c8f70741637)

running 0 tests

test result: ok. 0 passed; 0 failed; 0 ignored; 0 measured; 0 filtered out; finished in 0.00s

     Running tests/windows_simd_parity.rs (target/llvm-cov-target/debug/deps/windows_simd_parity-017229149174b1ff)

running 0 tests

test result: ok. 0 passed; 0 failed; 0 ignored; 0 measured; 0 filtered out; finished in 0.00s

     Running tests/windows_storage_protocol.rs (target/llvm-cov-target/debug/deps/windows_storage_protocol-127f1b1b2d85413e)

running 0 tests

test result: ok. 0 passed; 0 failed; 0 ignored; 0 measured; 0 filtered out; finished in 0.00s

     Running tests/write_path_ablation.rs (target/llvm-cov-target/debug/deps/write_path_ablation-68ecb1bdeedfc8b4)

running 7 tests
test commit_manifest_uses_exact_sync_sequence_per_tier ... ok
test commit_manifest_ablation_all_steps_matches_production ... ok
test bl_136_corrupt_temporary_segment_is_not_published ... ok
test commit_manifest_each_step_ablation_has_specific_verdict ... ok
test write_segment_ablation_all_steps_matches_production ... ok
test write_segment_uses_exact_sync_sequence_per_tier ... ok
test write_segment_each_step_ablation_has_specific_verdict ... ok

test result: ok. 7 passed; 0 failed; 0 ignored; 0 measured; 0 filtered out; finished in 0.25s

     Running unittests src/lib.rs (target/llvm-cov-target/debug/deps/zeppelin_embed_adversarial_oracle-fe7f38c4116386d8)

running 88 tests
test diagnostics_health::tests::every_diagnostics_checker_accepts_a_valid_observation ... ok
test ffi_bindings::tests::every_ffi_checker_accepts_a_valid_observation ... ok
test diagnostics_health::tests::every_diagnostics_checker_rejects_a_deliberate_plant ... ok
test ffi_bindings::tests::every_ffi_checker_rejects_a_deliberate_plant ... ok
test fts::tests::independent_phonetic_rules_cover_seeded_name_classes ... ok
test fts::tests::byte_edit_distance_is_independent_and_exact ... ok
test fts::tests::restricted_tokenizer_pins_case_folding_and_utf8_offsets ... ok
test lifecycle_accounting::tests::every_lifecycle_checker_accepts_a_valid_observation ... ok
test ingest_retention::tests::i22_retention_checker_rejects_inclusive_cutoff_drop ... ok
test ingest_retention::tests::i22_retention_checker_rejects_a_one_tick_cutoff_shift ... ok
test ingest_retention::tests::retained_i21_canonical_bytes_replay_the_exact_checker_and_reject_drift ... ok
test lifecycle_accounting::tests::every_lifecycle_checker_rejects_a_deliberate_plant ... ok
test ingest_retention::tests::retained_i22_canonical_bytes_replay_the_exact_checker_and_reject_drift ... ok
test ingest_retention::tests::i20_batch_atomicity_checker_rejects_one_visible_row_from_failed_batch ... ok
test metadata_filter_planner::tests::i36_literal_alive_parser_rejects_truncation_tail_and_trailing_bytes ... ok
test ingest_retention::tests::i21_seal_checker_rejects_a_missing_document ... ok
test ingest_retention::tests::i23_purge_checker_rejects_target_resurrection_after_reopen ... ok
test hybrid_fusion::tests::astra_03_literal_fixed_policy_rejects_boundary_floor_and_missing_score ... ok
test ingest_retention::tests::i23_purge_checker_rejects_completed_sentinel_hit ... ok
test metadata_filter_planner::tests::i36_clean_observation_is_accepted_before_presence_and_dictionary_plants ... ok
test metadata_filter_planner::tests::i36_literal_parser_exposes_exact_semantic_spans_for_clean_bytes ... ok
test ingest_retention::tests::retained_i20_canonical_bytes_replay_the_exact_checker_and_reject_drift ... ok
test metadata_filter_planner::tests::i36_plant_reports_exact_source_column_row_and_primitives ... ok
test metadata_filter_planner::tests::canonical_digests_bind_each_owned_input_and_observation_family ... ok
test metadata_filter_planner::tests::i36_literal_parser_preserves_every_type_null_and_ieee_bits ... ok
test ingest_retention::tests::retained_i23_canonical_bytes_replay_the_exact_checker_and_reject_drift ... ok
test metadata_filter_planner::tests::i37_clean_observation_is_accepted_before_set_plant ... ok
test metadata_filter_planner::tests::i36_independent_malformed_catalog_covers_required_layout_classes ... ok
test metadata_filter_planner::tests::i37_plant_reports_operator_path_and_extra_row ... ok
test hybrid_fusion::tests::every_hybrid_checker_accepts_independent_expected_math ... ok
test hybrid_fusion::tests::every_hybrid_checker_rejects_a_deliberate_plant ... ok
test metadata_filter_planner::tests::i38_clean_result_is_accepted_before_drop_and_prune_plant ... ok
test metadata_filter_planner::tests::i37_matrix_uses_literal_btreeset_algebra_and_alive_bounded_not ... ok
test metadata_filter_planner::tests::i38_refuses_a_live_baseline_hit_without_source_metadata ... ok
test metadata_filter_planner::tests::i38_plant_reports_unsound_prune_and_missing_exact_hit ... ok
test metadata_filter_planner::tests::i38_requires_one_report_and_receipt_for_every_required_source ... ok
test metadata_filter_planner::tests::i39_clean_execution_branch_is_accepted_before_report_plant ... ok
test metadata_filter_planner::tests::i39_exact_work_counter_plant_is_rejected ... ok
test metadata_filter_planner::tests::i39_expected_case_rejects_a_receipt_from_the_wrong_lifecycle_leg ... ok
test metadata_filter_planner::tests::i39_missing_production_receipt_is_a_named_failure ... ok
test metadata_filter_planner::tests::i39_plant_reports_exact_query_source_branch_mismatch ... ok
test storage_durability::tests::i15_refuses_an_observation_matching_both_canonical_states ... ok
test storage_durability::tests::i16_rejects_reordered_records_and_a_torn_record_claimed_as_acked ... ok
test storage_durability::tests::i15_rejects_missing_references_and_each_integrity_field_mutation ... ok
test storage_durability::tests::i16_requires_a_public_reopen_at_every_acknowledged_boundary ... ok
test storage_durability::tests::i16_requires_the_same_seed_clean_public_operation_to_succeed ... ok
test storage_durability::tests::fixture_derivation_is_namespaced_seeded_and_literal ... ok
test storage_durability::tests::i16_sequence_check_does_not_saturate_at_u64_max ... ok
test storage_durability::tests::i17_rejects_a_retry_generation_increment ... ok
test storage_durability::tests::i17_requires_one_canonical_occurrence_even_if_expected_is_wrong ... ok
test storage_durability::tests::i18_case_catalog_is_complete_and_typed ... ok
test storage_durability::tests::i18_rejects_file_checksum_and_sibling_artifact_plants ... ok
test storage_durability::tests::i19_eligible_orphan_plant_is_rejected_separately ... ok
test storage_durability::tests::i19_omission_catalog_covers_every_eligible_family_and_subsite ... ok
test storage_durability::tests::i19_requires_the_exact_final_inventory ... ok
test storage_durability::tests::independent_xxh3_matches_published_boundary_vectors ... ok
test storage_durability::tests::i19_reachability_is_manifest_derived_with_exact_control_names ... ok
test storage_durability::tests::publication_expectation_binds_primitive_shape_to_independent_integrity_facts ... ok
test storage_durability::tests::publication_expected_segment_model_pins_all_integrity_fields ... ok
test storage_durability::tests::storage_oracle_i15_plant_is_rejected ... ok
test storage_durability::tests::storage_oracle_i16_plant_is_rejected ... ok
test storage_durability::tests::storage_oracle_i17_plant_is_rejected ... ok
test storage_durability::tests::storage_oracle_i18_plant_is_rejected ... ok
test storage_durability::tests::storage_oracle_i19_plant_is_rejected ... ok
test storage_durability::tests::wal_mutation_offsets_are_owned_by_the_primitive_fixture ... ok
test vector_execution::tests::i25_code_length_is_exact_for_both_formats ... ok
test vector_execution::tests::i25_checker_plant ... ok
test vector_execution::tests::i24_checker_plant ... ok
test vector_execution::tests::i24_backend_selection_and_work_are_checked ... ok
test vector_execution::tests::bit4_and_int8_expected_bytes_are_independent_goldens ... ok
test vector_execution::tests::i25_nibble_checker_plant ... ok
test vector_execution::tests::i25_public_schedule_and_document_checker_plants ... ok
test vector_execution::tests::i25_rejected_document_remains_identified_but_invisible ... ok
test vector_execution::tests::i26_checker_plant ... ok
test vector_execution::tests::i26_dropped_candidate_checker_plant ... ok
test vector_execution::tests::i26_public_tier_source_and_document_checker_plants ... ok
test vector_execution::tests::i27_checker_plant ... ok
test vector_execution::tests::i27_checker_rejects_order_and_score_bit_mutations ... ok
test vector_execution::tests::i27_public_schedule_generation_checker_plant ... ok
test vector_execution::tests::canonical_attestation_and_structured_first_difference_cover_i24_i27 ... ok
test vector_execution::tests::persisted_quantization_is_parsed_from_literal_segment_bytes ... ok
test tiering_maintenance::tests::every_tier_checker_rejects_a_deliberate_plant ... ok
test tiering_maintenance::tests::fixture_spans_both_policy_outcomes_and_has_real_shape ... ok
test storage_durability::tests::raw_parsers_accept_frozen_wal_manifest_and_segment_bytes ... ok
test tiering_maintenance::tests::every_tier_checker_accepts_a_valid_observation ... ok
test vamana_graph::tests::fixture_is_seeded_nontrivial_and_json_safe ... ok
test vamana_graph::tests::every_graph_invariant_rejects_its_deliberate_plant ... ok
test vamana_graph::tests::every_graph_invariant_accepts_a_valid_observation ... ok

test result: ok. 88 passed; 0 failed; 0 ignored; 0 measured; 0 filtered out; finished in 0.66s

     Running unittests src/lib.rs (target/llvm-cov-target/debug/deps/zeppelin_embed_bench-777e140cbe006240)

running 28 tests
test graph_recall::cross_dataset_tests::glove_angular_recall_at_100_reaches_090_after_connectivity_repair ... ignored, needs the full glove-100-angular fixture and multi-hour graph build
test platform::energy::tests::energy_parser_reports_positive_joules ... ok
test platform::bandwidth::tests::performance_core_count_parser_reads_system_profiler_shape ... ok
test graph_recall::cross_dataset_tests::cosine_normalization_records_zero_rows_without_inventing_a_direction ... ok
test graph_recall::cross_dataset_tests::cross_graph_dataset_contracts_are_exact ... ok
test platform::energy::tests::energy_operator_command_requires_sudo ... ok
test platform::memory_graph::tests::iteration_auto_scaling_terminates_at_a_positive_bounded_count ... ok
test platform::memory_graph::tests::relative_standard_deviation_uses_all_repeats ... ok
test platform::memory_graph::tests::working_set_size_is_exactly_the_claimed_line_count ... ok
test platform::taint::tests::clean_taint_inputs_remain_unlabelled ... ok
test platform::taint::tests::load_and_sandbox_taints_are_both_retained_in_stable_order ... ok
test platform::memory_graph::tests::cli_requires_three_repeats_and_parses_explicit_seed ... ok
test platform::memory_graph::tests::chain_construction_is_one_full_cycle_without_early_repetition ... ok
test platform::taint::tests::unreadable_load_is_tainted ... ok
test user_bench::tests::percentiles_are_nearest_rank_on_the_sorted_sample ... ok
test user_bench::tests::recall_at_k_counts_shared_ids_over_k ... ok
test user_bench::tests::render_tables_emits_every_cell_row_with_blank_placeholders_for_missing_results ... ok
test graph_recall::cross_dataset_tests::cross_graph_loaders_reject_bad_geometry_and_nonfinite_cosine_rows ... ok
test platform::bandwidth::tests::bandwidth_smoke_is_plausible ... ok
test platform::footprint::tests::footprint_smoke_has_working_counter_case ... ok
test platform::memory_graph::tests::address_serialized_fixture_is_one_full_cycle_without_hot_attractors ... ok
test platform::memory_graph::tests::address_serialized_next_block_derives_from_current_block_contents ... ok
test graph_recall::cross_dataset_tests::small_cross_graph_build_cache_and_loaders_preserve_dataset_identity ... ok
test platform::memory_graph::tests::address_serialized_starts_cover_every_node_once_before_reuse ... ok
test platform::fsync::tests::fsync_smoke_latencies_are_plausible ... ok
test platform::bandwidth::tests::bandwidth_method_comparison_uses_matched_buffers ... ok
test platform::footprint::tests::footprint_clean_mmap_costs_zero_phys_footprint ... ok
test graph_recall::cross_dataset_tests::small_seeded_angular_recall_at_100_lower_bound_reaches_090 ... ok

test result: ok. 27 passed; 0 failed; 1 ignored; 0 measured; 0 filtered out; finished in 1.37s

     Running unittests src/bin/amdahl-decode.rs (target/llvm-cov-target/debug/deps/amdahl_decode-28d9ae8307b0ffff)

running 0 tests

test result: ok. 0 passed; 0 failed; 0 ignored; 0 measured; 0 filtered out; finished in 0.00s

     Running unittests src/bin/b1-measure.rs (target/llvm-cov-target/debug/deps/b1_measure-b00def4bd501fad2)

running 0 tests

test result: ok. 0 passed; 0 failed; 0 ignored; 0 measured; 0 filtered out; finished in 0.00s

     Running unittests src/bin/dram-process-audit.rs (target/llvm-cov-target/debug/deps/dram_process_audit-174044dfae320730)

running 0 tests

test result: ok. 0 passed; 0 failed; 0 ignored; 0 measured; 0 filtered out; finished in 0.00s

     Running unittests src/bin/frontier.rs (target/llvm-cov-target/debug/deps/frontier-3a369f62aca2ca11)

running 0 tests

test result: ok. 0 passed; 0 failed; 0 ignored; 0 measured; 0 filtered out; finished in 0.00s

     Running unittests src/bin/fuzz-graph-checkpoint.rs (target/llvm-cov-target/debug/deps/fuzz_graph_checkpoint-fc627210a1da6a13)

running 0 tests

test result: ok. 0 passed; 0 failed; 0 ignored; 0 measured; 0 filtered out; finished in 0.00s

     Running unittests src/bin/gather-kernel.rs (target/llvm-cov-target/debug/deps/gather_kernel-46618987946a9647)

running 0 tests

test result: ok. 0 passed; 0 failed; 0 ignored; 0 measured; 0 filtered out; finished in 0.00s

     Running unittests src/bin/graph-build.rs (target/llvm-cov-target/debug/deps/graph_build-c286b46ef4b4b3c4)

running 0 tests

test result: ok. 0 passed; 0 failed; 0 ignored; 0 measured; 0 filtered out; finished in 0.00s

     Running unittests src/bin/graph-search.rs (target/llvm-cov-target/debug/deps/graph_search-47205332e17cf394)

running 1 test
test tests::zero_cosine_query_returns_lowest_eligible_rows ... ok

test result: ok. 1 passed; 0 failed; 0 ignored; 0 measured; 0 filtered out; finished in 0.00s

     Running unittests src/bin/hybrid-alpha.rs (target/llvm-cov-target/debug/deps/hybrid_alpha-05c1f43230df22f6)

running 0 tests

test result: ok. 0 passed; 0 failed; 0 ignored; 0 measured; 0 filtered out; finished in 0.00s

     Running unittests src/bin/kernel-roofline-gate.rs (target/llvm-cov-target/debug/deps/kernel_roofline_gate-46de944cef016fb6)

running 0 tests

test result: ok. 0 passed; 0 failed; 0 ignored; 0 measured; 0 filtered out; finished in 0.00s

     Running unittests src/bin/perf-query-baseline.rs (target/llvm-cov-target/debug/deps/perf_query_baseline-e5fcf20fc8190841)

running 0 tests

test result: ok. 0 passed; 0 failed; 0 ignored; 0 measured; 0 filtered out; finished in 0.00s

     Running unittests src/bin/perf-write-baseline.rs (target/llvm-cov-target/debug/deps/perf_write_baseline-d0e24f82226bd122)

running 0 tests

test result: ok. 0 passed; 0 failed; 0 ignored; 0 measured; 0 filtered out; finished in 0.00s

     Running unittests src/bin/planner-thresholds.rs (target/llvm-cov-target/debug/deps/planner_thresholds-7343c907376b7a98)

running 2 tests
test tests::injected_control_drift_crosses_the_guard ... ok
test tests::sweep_has_more_than_two_points ... ok

test result: ok. 2 passed; 0 failed; 0 ignored; 0 measured; 0 filtered out; finished in 0.00s

     Running unittests src/bin/platform-truth.rs (target/llvm-cov-target/debug/deps/platform_truth-1314482f90b48d8c)

running 0 tests

test result: ok. 0 passed; 0 failed; 0 ignored; 0 measured; 0 filtered out; finished in 0.00s

     Running unittests src/bin/qos-contention.rs (target/llvm-cov-target/debug/deps/qos_contention-d4c40e97d5a72eb2)

running 0 tests

test result: ok. 0 passed; 0 failed; 0 ignored; 0 measured; 0 filtered out; finished in 0.00s

     Running unittests src/bin/recall-harness.rs (target/llvm-cov-target/debug/deps/recall_harness-df1a13efb5474ca7)

running 0 tests

test result: ok. 0 passed; 0 failed; 0 ignored; 0 measured; 0 filtered out; finished in 0.00s

     Running unittests src/bin/scheme-level.rs (target/llvm-cov-target/debug/deps/scheme_level-c8e920b0647e748b)

running 0 tests

test result: ok. 0 passed; 0 failed; 0 ignored; 0 measured; 0 filtered out; finished in 0.00s

     Running unittests src/bin/store-seam-baseline.rs (target/llvm-cov-target/debug/deps/store_seam_baseline-1e30592d319c74d1)

running 0 tests

test result: ok. 0 passed; 0 failed; 0 ignored; 0 measured; 0 filtered out; finished in 0.00s

     Running unittests src/bin/tier-crossover.rs (target/llvm-cov-target/debug/deps/tier_crossover-060f142307884b4c)

running 0 tests

test result: ok. 0 passed; 0 failed; 0 ignored; 0 measured; 0 filtered out; finished in 0.00s

     Running unittests src/bin/vamana-recall.rs (target/llvm-cov-target/debug/deps/vamana_recall-ab0d76a4c13a6374)

running 0 tests

test result: ok. 0 passed; 0 failed; 0 ignored; 0 measured; 0 filtered out; finished in 0.00s

     Running unittests src/bin/wal-throughput.rs (target/llvm-cov-target/debug/deps/wal_throughput-1b2c9d1cb3e466e9)

running 10 tests
test tests::a_sandboxed_process_is_tainted ... ok
test tests::an_unreadable_load_average_is_tainted ... ok
test tests::clean_conditions_produce_no_taint ... ok
test tests::cli_batch_axis_is_overridable ... ok
test tests::cli_axes_and_cell_bounds_are_overridable ... ok
test tests::load_above_the_limit_is_tainted ... ok
test tests::histogram_labels_are_fixed_logarithmic_ranges ... ok
test tests::load_exactly_at_the_limit_is_clean ... ok
test tests::cli_load_limit_is_overridable ... ok
test tests::smoke_mode_accepts_cell_overrides ... ok

test result: ok. 10 passed; 0 failed; 0 ignored; 0 measured; 0 filtered out; finished in 0.00s

     Running tests/beir_eval.rs (target/llvm-cov-target/debug/deps/beir_eval-dcf72f8606ad06d3)

running 15 tests
test a_query_with_no_positive_judgement_is_skipped_not_scored_zero ... ok
test an_unmeasured_corpus_never_passes_the_gate ... ok
test a_negative_grade_is_clamped_to_non_relevant_not_rejected ... ok
test astra_00_duplicate_parent_receives_gain_once ... ok
test a_malformed_qrels_row_is_a_typed_error_not_a_silent_skip ... ok
test dcg_truncates_at_k ... ok
test ndcg_at_10_matches_a_hand_computed_graded_example ... ok
test dcg_uses_log2_of_rank_plus_one_with_ranks_from_one ... ok
test a_perfect_ranking_scores_exactly_one ... ok
test qrels_parse_with_and_without_the_header_row ... ok
test ranking_order_actually_matters ... ok
test the_gate_targets_are_the_flat_column_not_the_multifield_one ... ok
test retrieving_nothing_scores_zero_not_one ... ok
test the_mean_of_no_judged_queries_is_zero_rather_than_a_division_by_zero ... ok
test the_mean_skips_unjudged_queries_and_counts_missing_runs_as_zero ... ok

test result: ok. 15 passed; 0 failed; 0 ignored; 0 measured; 0 filtered out; finished in 0.00s

     Running tests/beir_gate.rs (target/llvm-cov-target/debug/deps/beir_gate-d357e56f40a0e240)

running 3 tests
test flat_bm25_ndcg_at_10_is_within_two_points_of_pyserini_on_all_four_corpora ... ignored, needs the BEIR corpora; set ZE_BEIR_DIR to run
test multifield_bm25_reproduces_the_multifield_shape_on_trec_covid ... ignored, needs the BEIR corpora; set ZE_BEIR_DIR to run
test the_beir_gate_is_unmeasured_unless_a_dataset_directory_is_supplied ... ok

test result: ok. 1 passed; 0 failed; 2 ignored; 0 measured; 0 filtered out; finished in 0.00s

     Running tests/frontier.rs (target/llvm-cov-target/debug/deps/frontier-8d3e6c17fa8e09b9)

running 109 tests
test beir_eval_contract::the_gate_targets_are_the_flat_column_not_the_multifield_one ... ok
test beir_eval_contract::the_mean_of_no_judged_queries_is_zero_rather_than_a_division_by_zero ... ok
test beir_eval_contract::an_unmeasured_corpus_never_passes_the_gate ... ok
test beir_eval_contract::dcg_truncates_at_k ... ok
test beir_eval_contract::dcg_uses_log2_of_rank_plus_one_with_ranks_from_one ... ok
test beir_eval_contract::a_query_with_no_positive_judgement_is_skipped_not_scored_zero ... ok
test beir_eval_contract::retrieving_nothing_scores_zero_not_one ... ok
test beir_eval_contract::ndcg_at_10_matches_a_hand_computed_graded_example ... ok
test beir_eval_contract::ranking_order_actually_matters ... ok
test beir_eval_contract::qrels_parse_with_and_without_the_header_row ... ok
test beir_eval_contract::the_mean_skips_unjudged_queries_and_counts_missing_runs_as_zero ... ok
test beir_eval_contract::astra_00_duplicate_parent_receives_gain_once ... ok
test beir_eval_contract::a_malformed_qrels_row_is_a_typed_error_not_a_silent_skip ... ok
test beir_eval_contract::a_perfect_ranking_scores_exactly_one ... ok
test beir_eval_contract::a_negative_grade_is_clamped_to_non_relevant_not_rejected ... ok
test b1_profile_contract_rejects_release_and_debug_codegen ... ok
test beir_loader_reports_the_required_missing_path_and_io_source ... ok
test frontier_attestation_rejects_an_unavailable_current_machine_identifier ... ok
test frontier_attestation_missing_schema_and_each_required_field_are_rejected ... ok
test frontier_attestation_ttl_accepts_the_exact_edge_and_rejects_one_second_past ... ok
test frontier_attestation_write_refuses_live_battery_state ... ok
test frontier_below_tripwire_forces_continuation_despite_irreducible_pmu ... ok
test frontier_attestation_rejects_schema_identity_clock_and_thermal_corruption ... ok
test frontier_attestation_writer_refuses_clocks_outside_the_iso8601_range ... ok
test frontier_attestation_writer_refuses_probe_failures_without_creating_a_file ... ok
test frontier_attestation_writer_refuses_warning_throttle_and_ambiguous_thermal_state ... ok
test frontier_calibration_rejects_incoherent_raw_run_provenance ... ok
test frontier_cli_attest_is_an_exact_arity_command ... ok
test frontier_cli_report_and_denominator_options_preserve_existing_validation ... ok
test frontier_cli_seed_requires_a_numeric_value ... ok
test frontier_cli_no_arguments_returns_the_existing_usage_error ... ok
test frontier_attestation_writer_output_round_trips_through_error_fallback ... ok
test frontier_calibration_rejects_incomplete_artifacts_and_blank_override_reason ... ok
test beir_loader_reports_the_exact_malformed_file_and_line ... ok
test frontier_cli_smoke_presence_is_recorded_and_absence_is_rejected ... ok
test frontier_attestation_persistence_reports_typed_open_and_rename_failures ... ok
test frontier_compute_calibration_reaches_platform_result ... ignored, requires a quiet benchmark host for strict timing statistics
test frontier_cli_tune_requires_an_explicit_campaign ... ok
test frontier_cli_unknown_campaign_is_typed_and_not_silently_defaulted ... ok
test frontier_cli_unknown_subcommand_is_a_typed_usage_error ... ok
test frontier_attributed_synthetic_completion_stays_provisional_in_ledger ... ok
test frontier_cli_unknown_tune_flag_is_a_typed_error ... ok
test frontier_cli_valid_seed_is_parsed_into_the_tune_command ... ok
test frontier_compute_calibration_obeys_preflight_and_strict_statistics ... ok
test frontier_default_calibration_contains_two_supplied_operator_runs ... ok
test frontier_default_roofline_loads_tracked_compute_provenance ... ok
test frontier_determinism_same_seed_produces_same_search_trajectory ... ok
test frontier_exactly_one_hundred_completes_only_through_irreducible_pmu ... ok
test frontier_machine_identifier_falls_back_to_system_profiler_after_sysctl_failure ... ok
test frontier_calibration_rejects_lower_without_override_and_records_override ... ok
test frontier_attestation_atomic_replace_is_private_and_leaves_no_temporary_file ... ok
test frontier_machine_identifier_falls_back_when_sysctl_returns_a_blank_identifier ... ok
test frontier_machine_identifier_prefers_sysctl_and_reports_both_command_failures ... ok
test frontier_measurement_rejects_load_that_starts_during_a_low_variance_run ... ok
test frontier_measurement_rejects_weakened_policies_invalid_samples_and_source_failures ... ok
test frontier_planted_broken_fast_is_discarded_before_speed_ranking ... ok
test frontier_planted_premature_stop_cannot_complete_on_percentage_or_stagnation ... ok
test frontier_planted_regression_is_ranked_below_baseline_and_reverted ... ok
test frontier_calibration_loader_rejects_schema_and_tier_corruption ... ok
test frontier_pmu_counter_export_parses_ipc_stalls_and_bandwidth ... ok
test frontier_pmu_rejects_incomplete_nonfinite_and_unattributed_evidence ... ok
test frontier_preflight_fails_closed_on_mocked_battery_state ... ok
test frontier_pmu_parser_requires_every_counter_family_and_rejects_nan ... ok
test frontier_preflight_favorable_direct_probe_is_marked_direct ... ok
test frontier_attestation_writer_and_file_source_report_typed_failures ... ok
test frontier_preflight_probe_errors_with_battery_attestation_stays_idle ... ok
test frontier_preflight_probe_errors_with_expired_attestation_stays_idle ... ok
test frontier_preflight_probe_errors_with_fresh_valid_attestation_is_ready_and_marked ... ok
test beir_loader_reads_the_standard_layout_without_dropping_optional_or_blank_rows ... ok
test frontier_preflight_probe_errors_without_attestation_stays_idle ... ok
test frontier_preflight_requires_explicit_ac_and_unthrottled_thermal_evidence ... ok
test frontier_ledger_is_append_only_and_detects_prior_byte_rewrites ... ok
test frontier_preflight_status_zero_iokit_error_can_use_fresh_attestation ... ok
test frontier_preflight_successful_battery_probe_cannot_be_overridden_by_attestation ... ok
test frontier_roofline_above_one_hundred_is_loud_and_denominators_only_move_up ... ok
test frontier_roofline_math_matches_hand_computed_memory_and_compute_cases ... ok
test frontier_resumed_search_matches_uninterrupted_seeded_trajectory ... ok
test frontier_registry_labels_only_the_production_dotprod_shape ... ok
test frontier_roofline_rejects_missing_invalid_and_downward_denominators ... ok
test frontier_roofline_selects_declared_bound_and_exactly_one_hundred_is_not_stale ... ok
test frontier_stale_denominator_cannot_complete_despite_irreducible_pmu ... ok
test frontier_tuner_rejects_empty_duplicate_invalid_and_all_incorrect_candidates ... ok
test frontier_tuner_rejects_mismatched_and_out_of_range_resume_state ... ok
test frontier_tuner_single_point_and_exhausted_restarts_terminate_without_repeats ... ok
test frontier_ledger_rejects_malformed_history_with_line_context ... ok
test frontier_variance_budget_exhaustion_never_promotes_noisy_runs ... ok
test frontier_variance_cap_discards_noisy_run_and_retries_without_averaging_it ... ok
test frontier_workload_construction_rejects_invalid_and_overflowing_shapes ... ok
test frontier_ledger_preserves_append_order_and_summarizes_authority ... ok
test kernel_roofline_contract::measured_task03_rows_clear_generous_fivefold_headroom ... ok
test kernel_roofline_contract::roofline_and_ratio_contracts_reject_a_tenfold_float_regression ... ok
test frontier_variant_identity_and_callable_builds_preserve_tier_and_shape_provenance ... ok
test frontier_variant_registry_consumes_task03_knob_space_and_materializes_real_builds ... ok
test frontier_workload_sampler_propagates_execution_failure_before_timing ... ok
test frontier_workload_abstraction_executes_contiguous_and_strided_synthetic_patterns ... ok
test frontier_ledger_rejects_incomplete_rows_before_writing_bytes ... ok
test process_median_contract::across_process_summary_exposes_the_outlier_hidden_by_within_process_rsd ... ok
test process_median_contract::across_process_summary_refuses_even_or_invalid_process_sets ... ok
test frontier_measurement_and_ledger_row_preserve_attested_provenance ... ok
test scheme_level_scoring_matches_production_entry_points_and_measures_actual_buffers ... ok
test scheme_level_cli_and_audit_metadata_are_fail_closed_and_machine_readable ... ok
test scheme_level_validation_failures_and_candidate_records_are_typed ... ok
test frontier_ledger_rejects_unknown_decisions_statuses_and_missing_attribution ... ok
test frontier_roofline_loads_persisted_compute_calibration ... ok
test frontier_search_state_round_trips_for_process_resumption ... ok
test frontier_tuner_state_loader_rejects_io_json_schema_and_field_corruption ... ok
test frontier_cli_rejects_bad_subcommands_seeds_campaigns_and_persistence_flags ... ok
test scheme_level_streaming_fixture_is_scoreable_and_above_ceiling_is_a_defect ... ok
test frontier_pmu_capture_degrades_explicitly_when_recording_is_unavailable ... ok

test result: ok. 108 passed; 0 failed; 1 ignored; 0 measured; 0 filtered out; finished in 0.30s

     Running tests/graph_search.rs (target/llvm-cov-target/debug/deps/graph_search-c0ac4d733f569a30)

running 2 tests
test sift1m_p50_under_250us_at_recall_at_least_093 ... ignored, requires a prepared SIFT1M cache and stable benchmark hardware
test graph_search_small_fixture_exercises_the_public_kernel ... ok

test result: ok. 1 passed; 0 failed; 1 ignored; 0 measured; 0 filtered out; finished in 0.01s

     Running tests/kernel_roofline_gate.rs (target/llvm-cov-target/debug/deps/kernel_roofline_gate-79861a2566140195)

running 2 tests
test measured_task03_rows_clear_generous_fivefold_headroom ... ok
test roofline_and_ratio_contracts_reject_a_tenfold_float_regression ... ok

test result: ok. 2 passed; 0 failed; 0 ignored; 0 measured; 0 filtered out; finished in 0.00s

     Running tests/perf_baseline_smoke.rs (target/llvm-cov-target/debug/deps/perf_baseline_smoke-6fbab1033f2d7af7)

running 2 tests
test perf_write_baseline_smoke_emits_ingest_and_mixed_probes ... ok
test perf_query_baseline_smoke_emits_every_query_probe ... ok

test result: ok. 2 passed; 0 failed; 0 ignored; 0 measured; 0 filtered out; finished in 4.55s

     Running tests/process_median.rs (target/llvm-cov-target/debug/deps/process_median-ed6d885069a9e09a)

running 2 tests
test across_process_summary_exposes_the_outlier_hidden_by_within_process_rsd ... ok
test across_process_summary_refuses_even_or_invalid_process_sets ... ok

test result: ok. 2 passed; 0 failed; 0 ignored; 0 measured; 0 filtered out; finished in 0.00s

     Running tests/recall.rs (target/llvm-cov-target/debug/deps/recall-8f32615f6b66dba2)

running 4 tests
test fvecs_and_bvecs_loaders_read_standard_records ... ok
test synthetic_families_expose_required_jaggedness ... ok
test recall_table_counts_bytes_for_every_scheme_and_oversample ... ok
test seeded_rescore_recall_at_oversample_four_is_at_least_95_percent ... ok

test result: ok. 4 passed; 0 failed; 0 ignored; 0 measured; 0 filtered out; finished in 0.05s

     Running tests/scan_fixture_discrimination.rs (target/llvm-cov-target/debug/deps/scan_fixture_discrimination-978dcec1d4d898ef)

running 1 test
test random_int8_fixture_is_discriminating_and_default ... ok

test result: ok. 1 passed; 0 failed; 0 ignored; 0 measured; 0 filtered out; finished in 0.00s

     Running tests/vamana_recall.rs (target/llvm-cov-target/debug/deps/vamana_recall-c72bd8e28fee0a8e)

running 1 test
test sift1m_recall_at_100_reaches_093_at_ef_le_240 ... ignored, requires the external SIFT1M corpus and stable benchmark hardware

test result: ok. 0 passed; 0 failed; 1 ignored; 0 measured; 0 filtered out; finished in 0.00s

     Running unittests src/lib.rs (target/llvm-cov-target/debug/deps/zeppelin_embed_ffi-72866da71fb0e9a0)

running 14 tests
test marshal::tests::paths_are_explicit_utf8_without_nul ... ok
test marshal::tests::raw_parts_reject_null_misalignment_and_arithmetic_overflow ... ok
test marshal::tests::size_prefix_is_bounded_and_forward_compatible ... ok
test error::tests::every_store_error_kind_has_its_frozen_abi_code ... ok
test slots::tests::failed_insert_leaves_no_orphaned_entry ... ok
test registry::tests::global_last_error_round_trips_without_a_handle ... ok
test error::tests::a_hybrid_leg_failure_keeps_its_store_classification ... ok
test slots::tests::record_only_flag_is_resolved_once_per_handle ... ok
test error::tests::contained_hybrid_panics_keep_the_frozen_panic_code ... ok
test registry::tests::stale_free_after_address_reuse_is_rejected ... ok
test registry::tests::cancel_registry_rejects_stale_tokens_and_reuses_the_slot ... ok
test slots::tests::handle_encoding_rejects_reserved_and_exhausted_values ... ok
test registry::tests::result_registry_preserves_a_valid_allocation_after_hostile_frees ... ok
test slots::tests::slot_table_exercises_close_poison_error_and_reuse_states ... ok

test result: ok. 14 passed; 0 failed; 0 ignored; 0 measured; 0 filtered out; finished in 0.00s

     Running tests/ffi.rs (target/llvm-cov-target/debug/deps/ffi-9f643d230a124887)

running 1 test
   Compiling libc v0.2.189
   Compiling bytemuck v1.25.2
   Compiling byteorder v1.5.0
   Compiling xxhash-rust v0.8.18
   Compiling roaring v0.10.12
   Compiling zeppelin-embed v0.4.2 (/Users/aghatage/Documents/code/zeppelin-embed/crates/zeppelin-embed)
   Compiling zeppelin-embed-ffi v0.4.2 (/Users/aghatage/Documents/code/zeppelin-embed/crates/zeppelin-embed-ffi)
    Finished `release` profile [optimized] target(s) in 37.82s
    Finished `release` profile [optimized] target(s) in 0.01s
test text_feature_off_leaves_the_library_byte_identical ... ok

test result: ok. 1 passed; 0 failed; 0 ignored; 0 measured; 0 filtered out; finished in 37.97s

     Running tests/ffi_adversarial.rs (target/llvm-cov-target/debug/deps/ffi_adversarial-76c1f6e3681b6f3a)

running 4 tests
test every_exported_symbol_has_executable_adversarial_registry_coverage ... ok
test two_handles_on_the_same_path_in_one_process_are_typed ... ok
test the_adversarial_input_matrix_returns_typed_errors_for_every_cell ... ok
test concurrent_close_and_search_and_concurrent_close_and_ingest_are_typed_never_ub ... ok

test result: ok. 4 passed; 0 failed; 0 ignored; 0 measured; 0 filtered out; finished in 0.02s

     Running tests/ffi_c_consumer_windows.rs (target/llvm-cov-target/debug/deps/ffi_c_consumer_windows-3465db2b7116a692)

running 0 tests

test result: ok. 0 passed; 0 failed; 0 ignored; 0 measured; 0 filtered out; finished in 0.00s

     Running tests/ffi_contract.rs (target/llvm-cov-target/debug/deps/ffi_contract-a2ecc3f9cf96c7a7)

running 13 tests
test every_request_struct_has_the_frozen_size_and_field_offsets ... ok
test every_phase_two_struct_has_the_frozen_size_and_field_offsets ... ok
test swift_error_enum_is_generated_from_the_append_only_error_table ... ok
test error_codes_are_append_only ... ok
test the_poison_table_covers_every_exported_handle_taking_symbol ... ok

running 1 test
test a_panic_crossing_the_abi_is_caught_the_handle_is_poisoned_and_the_process_survives ... ok

test result: ok. 1 passed; 0 failed; 0 ignored; 0 measured; 12 filtered out; finished in 0.00s

test a_panic_crossing_the_abi_is_caught_the_handle_is_poisoned_and_the_process_survives ... ok
test search_result_ownership_and_the_phase_one_engine_seams_are_real ... ok
test every_entry_point_returns_ze_err_poisoned_after_a_caught_panic ... ok
test use_after_close_double_close_and_a_stale_generation_each_return_typed_errors ... ok

running 1 test
test a_second_process_opening_the_same_path_gets_store_busy ... ok

test result: ok. 1 passed; 0 failed; 0 ignored; 0 measured; 12 filtered out; finished in 0.00s

test a_second_process_opening_the_same_path_gets_store_busy ... ok
test a_second_concurrent_writer_call_returns_ze_err_busy ... ok
test cross_thread_cancellation_returns_typed_cancelled_with_no_candidates_through_the_boundary ... ok
test a_deadline_mid_query_returns_typed_timeout_through_the_boundary ... ok

test result: ok. 13 passed; 0 failed; 0 ignored; 0 measured; 0 filtered out; finished in 7.19s

     Running tests/ffi_count.rs (target/llvm-cov-target/debug/deps/ffi_count-763038d2bcbc1308)

running 13 tests
test search_filtered_rejects_a_null_filter ... ok
test malformed_filter_is_typed_invalid_for_count_and_filtered_search ... ok
test count_and_filtered_search_validate_pointers_and_abi_sizes ... ok
test record_only_ingest_is_rejected ... ok
test count_filter_operators_match_scan_page_cardinality ... ok
test record_only_filtered_search_is_rejected_and_lexical_query_still_works ... ok
test record_only_search_is_rejected ... ok
test record_only_vector_and_hybrid_queries_are_rejected_while_lexical_still_works ... ok
test search_filtered_matches_post_filtered_exact_search_ids_and_score_bits ... ok
test search_filtered_always_true_counters_match_unfiltered_search ... ok
test count_timestamp_range_is_half_open_and_excludes_tombstones ... ok
test count_without_filter_matches_live_rows_across_store_shapes ... ok
test record_only_sealed_storage_reports_measured_bytes_per_row ... ok

test result: ok. 13 passed; 0 failed; 0 ignored; 0 measured; 0 filtered out; finished in 0.09s

     Running tests/ffi_get.rs (target/llvm-cov-target/debug/deps/ffi_get-ce850758ef658819)

running 9 tests
test get_rejects_invalid_pointers_sizes_and_empty_request ... ok
test get_marks_never_written_id_missing ... ok
test get_result_free_rejects_double_free_and_foreign_pointer ... ok
test get_hides_record_only_sentinel_vector ... ok
test get_preserves_order_across_hits_and_misses ... ok
test get_marks_deleted_id_missing ... ok
test get_include_flags_select_exactly_their_fields ... ok
test get_returns_every_upserted_field_exactly ... ok
test get_returns_only_live_revision_after_two_upserts ... ok

test result: ok. 9 passed; 0 failed; 0 ignored; 0 measured; 0 filtered out; finished in 0.01s

     Running tests/ffi_header.rs (target/llvm-cov-target/debug/deps/ffi_header-fc41743429174109)

running 3 tests
test header_gate_passes_twice_in_a_row_after_an_instrumented_build ... ignored, manual full-build qualification; rebuilds two release target directories
test the_committed_header_matches_the_exported_symbol_table_and_the_allowlist ... ignored, manual full-build qualification; validates the release static library
test the_committed_header_is_the_exact_cbindgen_output ... ok

test result: ok. 1 passed; 0 failed; 2 ignored; 0 measured; 0 filtered out; finished in 0.15s

     Running tests/ffi_header_windows.rs (target/llvm-cov-target/debug/deps/ffi_header_windows-756fff6222819a4f)

running 0 tests

test result: ok. 0 passed; 0 failed; 0 ignored; 0 measured; 0 filtered out; finished in 0.00s

     Running tests/ffi_namespace.rs (target/llvm-cov-target/debug/deps/ffi_namespace-a235ce5fcd08eaaa)

running 8 tests
test record_only_namespace_rejects_dimensions_above_one_and_a_caller_epoch ... ok
test namespace_open_rejects_every_invalid_name ... ok
test namespace_requests_reject_null_zero_and_wrong_sizes_without_crashing ... ok
test namespace_reopen_with_different_epoch_returns_epoch_mismatch ... ok
test namespace_reopen_with_different_schema_returns_schema_mismatch ... ok
test record_only_namespace_creates_reopens_and_reports_canonical_epoch ... ok
test namespace_list_returns_sorted_manifest_directories_and_empty_root ... ok
test namespace_create_reopen_identical_spec_is_usable_for_ingest_and_search ... ok

test result: ok. 8 passed; 0 failed; 0 ignored; 0 measured; 0 filtered out; finished in 0.01s

     Running tests/ffi_ownership.rs (target/llvm-cov-target/debug/deps/ffi_ownership-36f903d72459eef8)

running 2 tests
test every_callee_owned_result_is_released_by_its_free_and_the_heap_stays_flat ... ok
test freeing_a_foreign_or_already_released_buffer_is_a_typed_error_not_a_double_free ... ok

test result: ok. 2 passed; 0 failed; 0 ignored; 0 measured; 0 filtered out; finished in 0.09s

     Running tests/ffi_query.rs (target/llvm-cov-target/debug/deps/ffi_query-148d8b78a670d734)

running 15 tests
test last_as_prefix_without_text_is_rejected ... ok
test flag_off_pins_the_v021_lexical_diagnostics ... ok
test a_vector_only_query_returns_the_same_hits_as_ze_search_with_no_tier_preference ... ok
test last_as_prefix_finds_harbour_while_exact_harb_finds_nothing ... ok
test trailing_separator_disables_last_as_prefix ... ok
test one_byte_last_as_prefix_falls_back_to_bounded_exact_search ... ok
test an_unstamped_store_reports_no_current_epoch_as_a_typed_error ... ok
test stopword_tail_does_not_expand_the_previous_term ... ok
test surface_word_wins_the_trailing_token_tie_over_its_number_variant ... ok
test normal_store_search_result_and_deterministic_counters_are_unchanged ... ok
test unknown_lexical_flag_is_rejected ... ok
test no_tier_preference_is_encoded_distinctly_from_an_explicit_tier ... ok
test last_as_prefix_hybrid_reports_hybrid_fusion ... ok
test lexical_and_hybrid_legs_execute_through_the_structured_query_surface ... ok
test epoch_identity_open_with_epoch_and_transitions_are_typed_through_the_boundary ... ok

test result: ok. 15 passed; 0 failed; 0 ignored; 0 measured; 0 filtered out; finished in 0.02s

     Running tests/ffi_scan.rs (target/llvm-cov-target/debug/deps/ffi_scan-d84b9b93621193a0)

running 7 tests
test scan_malformed_filters_are_typed_invalid_arguments ... ok
test scan_cancellation_deadline_arguments_and_result_ownership_are_typed ... ok
test scan_record_only_namespace_hides_the_sentinel_vector ... ok
test scan_filter_operators_and_missing_field_semantics_match_the_core ... ok
test scan_resume_after_write_and_seal_is_stale ... ok
test scan_timestamp_orders_and_half_open_range_are_exact ... ok
test scan_storage_pages_return_every_live_row_once_and_clear_has_more ... ok

test result: ok. 7 passed; 0 failed; 0 ignored; 0 measured; 0 filtered out; finished in 0.01s

     Running tests/ffi_soak.rs (target/llvm-cov-target/debug/deps/ffi_soak-b4696671be0f69eb)

running 1 test
test ten_thousand_open_ingest_query_close_rounds_keep_the_footprint_flat ... ignored, minutes-long soak; run explicitly with ZE_FFI_SOAK_ITERATIONS

test result: ok. 0 passed; 0 failed; 1 ignored; 0 measured; 0 filtered out; finished in 0.00s

     Running tests/ffi_upsert.rs (target/llvm-cov-target/debug/deps/ffi_upsert-5f50c0f3a29f2be7)

running 9 tests
test upsert_reserved_attribute_id_zero_is_invalid_argument ... ok
test upsert_duplicate_attribute_id_is_invalid_argument ... ok
test upsert_missing_non_nullable_attribute_is_invalid_argument ... ok
test upsert_attribute_type_mismatch_is_invalid_argument ... ok
test upsert_invalid_pointers_sizes_and_empty_batch_return_typed_errors ... ok
test upsert_record_only_namespace_supplies_sentinel_and_rejects_caller_vector ... ok
test upsert_higher_revision_supersedes_and_stale_revision_is_rejected ... ok
test upsert_nullable_attribute_stores_null ... ok
test upsert_with_every_attribute_type_round_trips_through_core_filters ... ok

test result: ok. 9 passed; 0 failed; 0 ignored; 0 measured; 0 filtered out; finished in 0.01s

     Running tests/parity_fixture.rs (target/llvm-cov-target/debug/deps/parity_fixture-25a79035a370fa82)

running 1 test
test parity_fixture_is_generated_from_the_ffi_and_matches_the_checked_in_json ... ok

test result: ok. 1 passed; 0 failed; 0 ignored; 0 measured; 0 filtered out; finished in 0.01s

     Running unittests src/lib.rs (target/llvm-cov-target/debug/deps/zeppelin_embed_text-4d88798f46c169e9)

running 11 tests
test query::tests::query_options_default_to_hybrid_ten_and_allow_an_explicit_leg ... ok
test runtime::tests::embedding_batches_and_runtime_errors_preserve_their_typed_contracts ... ok
test bundle::tests::bundle_errors_are_typed_and_descriptive ... ok
test ingest::tests::cancellation_prevents_acquiring_an_in_flight_slot ... ok
test error::tests::text_error_preserves_typed_sources_and_stable_context ... ok
test bundle::tests::metadata_cursor_reads_every_scalar_and_refuses_truncation_and_nonzero_reservations ... ok
test ingest::tests::vector_normalization_checks_dimensions_finiteness_and_unit_norm ... ok
test tokenizer::tests::tokenizer_rejects_invalid_tables_and_batch_shapes ... ok
test ingest::tests::ingest_options_chunking_and_caller_id_boundaries_fail_loudly ... ok
test tokenizer::tests::unigram_chooses_the_highest_scoring_complete_segmentation_and_fails_unknown_wholes ... ok
test tokenizer::tests::wordpiece_normalizes_splits_unknowns_and_pads_rectangular_batches ... ok

test result: ok. 11 passed; 0 failed; 0 ignored; 0 measured; 0 filtered out; finished in 0.00s

     Running tests/adversarial.rs (target/llvm-cov-target/debug/deps/adversarial-c5a4a0f69d9a9584)

running 1 test
test text_pipeline_fault_sites_fire_and_surface_typed_errors ... ok

test result: ok. 1 passed; 0 failed; 0 ignored; 0 measured; 0 filtered out; finished in 0.16s

     Running tests/arch.rs (target/llvm-cov-target/debug/deps/arch-94adac136d8fc32a)

running 9 tests
test arctic_v15_batched_cls_matches_reference_across_padding_and_chunk_boundary ... ignored, requires the external ze-model-bundles-v2-c1 fixture
test astra_08_ascii_tokenization_is_unchanged ... ignored, requires the external ze-model-bundles-v2-c1 fixture
test astra_08_reembedded_unicode_documents_match_reference ... ignored, requires the external ze-model-bundles-v2-c1 fixture
test astra_08_source_tokenizer_normalization_order_matches ... ignored, requires the external ze-model-bundles-v2-c1 fixture
test astra_08_source_tokenizer_unicode_ids_match ... ignored, requires the external ze-model-bundles-v2-c1 fixture
test bert_with_dense_head_matches_the_fp32_reference_vectors_for_mdbr_leaf_ir_to_1e_4 ... ignored, requires the external ze-model-bundles-v2-c1 fixture
test gte_matches_the_fp32_reference_vectors_for_arctic_m_v2_to_1e_4 ... ignored, requires the external ze-model-bundles-v2-c1 fixture
test an_unknown_architecture_id_fails_typed_at_load ... ok
test batched_one_dimension_truncation_matches_each_individual_row ... ok

test result: ok. 2 passed; 0 failed; 7 ignored; 0 measured; 0 filtered out; finished in 0.14s

     Running tests/bundle.rs (target/llvm-cov-target/debug/deps/bundle-0435f4ec32a23252)

running 5 tests
test a_tower_weights_digest_must_equal_its_exact_tensor_section ... ok
test a_bundle_with_a_corrupted_tensor_digest_is_refused_before_any_tensor_is_mapped ... ok
test unknown_tokenizer_flag_bits_are_refused_instead_of_silently_dropped ... ok
test a_two_tower_bundle_binds_document_and_query_by_name_and_a_one_tower_bundle_serves_both ... ok
test malformed_bundle_metadata_is_refused_at_the_exact_field_boundary ... ok

test result: ok. 5 passed; 0 failed; 0 ignored; 0 measured; 0 filtered out; finished in 0.01s

     Running tests/epoch.rs (target/llvm-cov-target/debug/deps/epoch-8147234ce0b8faa5)

running 3 tests
test astra_08_old_tokenizer_epoch_is_refused_without_writes ... ok
test pre_layout_fix_store_is_refused_without_modifying_persisted_bytes ... ok
test swapping_the_query_tower_keeps_the_store_open_and_swapping_the_document_tower_refuses_open ... ok

test result: ok. 3 passed; 0 failed; 0 ignored; 0 measured; 0 filtered out; finished in 0.08s

     Running tests/handoff.rs (target/llvm-cov-target/debug/deps/handoff-56cfc5e8d3df210a)

running 1 test
test the_embed_to_writer_hand_off_allocates_zero_bytes_per_document ... ok

test result: ok. 1 passed; 0 failed; 0 ignored; 0 measured; 0 filtered out; finished in 0.00s

     Running tests/pipeline.rs (target/llvm-cov-target/debug/deps/pipeline-1464a2f93d933e25)

running 3 tests
test a_failing_embed_worker_surfaces_as_a_typed_error_and_every_thread_is_joined ... ok
test ingest_text_over_a_corpus_produces_the_same_rows_and_vectors_as_the_serialized_path ... ok
test back_pressure_bounds_in_flight_batches_to_the_channel_capacity ... ok

test result: ok. 3 passed; 0 failed; 0 ignored; 0 measured; 0 filtered out; finished in 0.14s

     Running tests/placement.rs (target/llvm-cov-target/debug/deps/placement-e669573a88d9723a)

running 1 test
test gpu_cpu_and_ane_query_vectors_agree_within_tolerance_on_the_golden_queries ... ignored, requires external MLX and CoreML model fixtures

test result: ok. 0 passed; 0 failed; 1 ignored; 0 measured; 0 filtered out; finished in 0.00s

     Running tests/query.rs (target/llvm-cov-target/debug/deps/query-68ff762cef246705)

running 6 tests
test the_query_prefix_is_applied_from_the_bundle_and_never_by_the_caller ... ok
test astra_18_expired_text_entry_never_returns_partial_hits ... ok
test a_lexical_query_does_not_evaluate_the_query_tower ... ok
test astra_06_text_query_exposes_explicit_rescore_and_preserves_tier_controls ... ok
test astra_07_result_materialization_uses_one_admission ... ok
test astra_00_detailed_text_query_preserves_hits_and_reports_its_boundaries ... ok

test result: ok. 6 passed; 0 failed; 0 ignored; 0 measured; 0 filtered out; finished in 0.12s

     Running tests/text_api.rs (target/llvm-cov-target/debug/deps/text_api-d3eeebead3552737)

running 6 tests
test default_text_store_over_30000_documents_maintains_and_serves_a_graph ... ignored, requires an unsandboxed MLX runtime
test default_ingest_seals_at_4096_rows ... ok
test health_reports_sealed_scan_segments_and_maintain_reports_complete_below_the_graph_threshold ... ok
test ingest_text_then_query_text_returns_the_ingested_text_with_the_declared_epoch ... ok
test deleting_a_caller_id_deletes_every_chunk_row ... ok
test query_options_carry_an_explicit_search_tier_through_dense_and_hybrid_legs ... ok

test result: ok. 5 passed; 0 failed; 1 ignored; 0 measured; 0 filtered out; finished in 0.11s

     Running adversarial_cli.rs (target/llvm-cov-target/debug/deps/adversarial_cli-3234b22776d229fb)

running 6 tests
test macos_supervisor_runs_overall_concurrently_and_reports_it_separately ... ok
test list_prints_the_stable_campaign_catalog ... ok
test cli_values_override_environment_and_environment_overrides_defaults ... ok
test release_thresholds_and_subcommand_specific_arguments_are_validated ... ok
test comma_separated_feature_campaigns_are_validated_and_preserve_order ... ok
test invalid_campaign_duplicates_conflicts_and_numeric_values_fail_before_cargo ... ok

test result: ok. 6 passed; 0 failed; 0 ignored; 0 measured; 0 filtered out; finished in 0.06s

     Running adversarial_tests.rs (target/llvm-cov-target/debug/deps/adversarial_tests-cf124f76b37b3e07)

running 435 tests
test adversarial::fault_vfs::tests::scheduled_vfs_fires_two_events_at_one_op_on_different_sites ... ok
test adversarial::fault_vfs::tests::read_range_counts_as_a_logical_read_without_changing_nth_match ... ok
test adversarial::fts::tests::fixture_is_seeded_large_mixed_and_nonmonotone ... ok
test adversarial::fault_vfs::tests::an_unsynced_new_dirent_does_not_survive_a_crash ... ok
test adversarial::fault_vfs::tests::simulated_crash_state_is_one_of_the_product_recorder_crash_states ... ok
test adversarial::ffi_bindings::tests::every_ffi_fault_fires_at_its_declared_operation ... ok
test adversarial::ffi_bindings::tests::ffi_public_operations_pass_exact_checkers ... ok
test adversarial::ingest_retention::tests::clean_seal_uses_public_store_and_exact_i21_checker ... ok
test adversarial::diagnostics_health::tests::diagnostics_public_operations_pass_exact_checkers ... ok
test adversarial::diagnostics_health::tests::every_diagnostics_fault_fires_at_its_declared_operation ... ok
test adversarial::ingest_retention::tests::purge_crash_receipt_child_helper ... ignored, subprocess-only helper selected by the parent purge crash test
test adversarial::ingest_retention::tests::clean_batch_commit_uses_public_store_and_exact_i20_checker ... ok
test adversarial::ingest_retention::tests::late_seal_cancellation_runs_i21_on_same_seed_pair_and_keeps_product_receipt ... ok
test adversarial::hybrid_fusion::tests::astra_00_scoped_lexical_worker_panic_and_clean_control ... ok
test adversarial::ingest_retention::tests::clean_physical_purge_uses_public_store_bytes_and_exact_i23_checker ... ok
test adversarial::hybrid_fusion::tests::every_hybrid_operation_runs_its_checker_on_one_shared_episode ... ok
test adversarial::hybrid_fusion::tests::astra_03_fixed_policy_cross_fill_and_certificate_plants ... ok
test adversarial::metadata_filter_planner::tests::bitmap_campaign_seed_cycle_covers_the_structured_predicate_grammar ... ok
test adversarial::ingest_retention::tests::partial_batch_append_runs_rejected_i20_then_clean_retry_with_product_receipt ... ok
test adversarial::ingest_retention::tests::clean_retention_uses_public_store_and_exact_i22_checker ... ok
test adversarial::ingest_retention::tests::post_ack_retry_runs_i20_on_same_seed_pair_and_keeps_product_receipt ... ok
test adversarial::hybrid_fusion::tests::every_declared_hybrid_fault_fires_once ... ok
test adversarial::metadata_filter_planner::tests::column_corruption_repairs_chunk_table_directory_header_and_file_checksums ... ok
test adversarial::ingest_retention::tests::retained_ingest_fixture_executes_literal_inputs_without_seed_regeneration ... ok
test adversarial::metadata_filter_planner::tests::bitmap_truncation_requires_short_alive_region ... ok
test adversarial::ingest_retention::tests::retention_clock_boundary_runs_i22_on_same_seed_pair_and_keeps_product_receipt ... ok
test adversarial::metadata_filter_planner::tests::i36_adapter_does_not_acquire_raw_columns_through_segment_reader_region ... ok
test adversarial::metadata_filter_planner::tests::i36_fixture_observes_active_and_reopened_rows_for_each_nullability_mode ... ok
test adversarial::metadata_filter_planner::tests::i36_raw_acquisition_rejects_an_invalid_independent_segment_envelope ... ok
test adversarial::metadata_filter_planner::tests::i37_case_identity_round_trips_every_matrix_cell_and_fault ... ok
test adversarial::metadata_filter_planner::tests::i37_fixture_requires_active_sealed_and_publicly_tombstoned_source_receipts ... ok

running 1 test
test adversarial::ingest_retention::tests::purge_crash_receipt_child_helper ... test adversarial::metadata_filter_planner::tests::i38_fixture_contains_an_all_tombstoned_sealed_source ... ok
test adversarial::metadata_filter_planner::tests::i38_fixture_requires_active_and_three_sealed_sources_with_exact_ledgers ... ok
test adversarial::ingest_retention::tests::purge_unlink_error_runs_i23_recovery_on_same_seed_pair_with_product_receipt ... ok
test adversarial::metadata_filter_planner::tests::column_corruption_requires_decoder_receipt ... ok
test adversarial::ingest_retention::tests::purge_crash_boundary_runs_i23_recovery_on_same_seed_pair_with_durable_product_receipt ... ok
test adversarial::fts::tests::every_fts_operation_runs_its_independent_checker ... ok
test adversarial::fts::tests::astra_02_lexical_cancellation_and_same_seed_clean_control ... ok
test adversarial::metadata_filter_planner::tests::i38_fixture_requires_public_delete_empty_and_sealed_missing_bounds_sources ... ok
test adversarial::metadata_filter_planner::tests::metadata_control_records_normalized_operation_query_schedule_digest ... ok
test adversarial::lifecycle_accounting::tests::lifecycle_public_operations_pass_exact_checkers ... ok
test adversarial::metadata_filter_planner::tests::metadata_replay_helpers_mutate_each_owned_canonical_input ... ok
test adversarial::metadata_filter_planner::tests::metadata_retained_bitmap_fixture_uses_the_literal_predicate_not_seed_generation ... ok
test adversarial::lifecycle_accounting::tests::every_lifecycle_fault_fires_at_its_declared_operation ... ok
test adversarial::metadata_filter_planner::tests::metadata_retained_columns_fixture_reopens_and_runs_the_public_query ... ok
test adversarial::metadata_filter_planner::tests::metadata_retained_bitmap_fault_executes_the_selected_fault_leg ... ok
test adversarial::metadata_filter_planner::tests::operation_fault_mismatch_is_rejected_before_any_store_work ... ok
test adversarial::metadata_filter_planner::tests::metadata_retained_columns_fault_executes_the_selected_fault_leg ... ok
test adversarial::metadata_filter_planner::tests::metadata_retained_planner_fixture_uses_literal_multisegment_store_and_predicate ... ok
test adversarial::metadata_filter_planner::tests::selected_metadata_mutation_records_every_checksum_rewrite_and_final_digest ... ok
test adversarial::metadata_filter_planner::tests::typed_fixture_seed_cycle_covers_nullable_extremes_and_string_shapes ... ok
test adversarial::metadata_filter_planner::tests::planner_seed_cycle_covers_equal_and_inclusive_exclusive_boundaries ... ok
test adversarial::metadata_filter_planner::tests::typed_seed_cycle_round_trips_special_bits_and_all_null_dictionary ... ok
test adversarial::property_graph::primitive_oracle_rejects_changed_observations ... ok
test adversarial::metadata_filter_planner::tests::candidate_shortfall_fixture_attests_every_graph_adjacency_mutation ... ok

running 1 test
test adversarial::ingest_retention::tests::purge_crash_receipt_child_helper ... test adversarial::runner::metadata_receipt_credit_tests::failed_i37_comparison_cannot_earn_matrix_coverage ... ok
test adversarial::metadata_filter_planner::tests::graph_fixture_mutations_record_every_checksum_rewrite_and_final_digest ... ok

running 1 test
test adversarial::ingest_retention::tests::purge_crash_receipt_child_helper ... test adversarial::fts::tests::every_declared_fts_fault_fires_once ... ok
test adversarial::ingest_retention::tests::retained_ingest_fixture_roundtrips_and_executes_every_operation_and_fault ... ok
test adversarial::runner::metadata_receipt_credit_tests::metadata_record_consumes_the_family_canonical_attestation ... ok
test adversarial::runner::metadata_receipt_credit_tests::oracle_record_attests_canonical_value_digests_and_first_difference ... ok
test adversarial::metadata_filter_planner::tests::metadata_retained_execution_fixture_reopens_the_literal_graph_store ... ok
test adversarial::metadata_filter_planner::tests::metadata_retained_selectivity_fault_replays_both_boundary_queries_on_every_leg ... ok
test adversarial::metadata_filter_planner::tests::metadata_retained_visited_budget_fault_executes_clean_fault_and_retry_legs ... ok
test adversarial::metadata_filter_planner::tests::selectivity_boundary_straddles_production_threshold ... ok
test adversarial::runner::metadata_receipt_credit_tests::metadata_execution_receipt_serializes_typed_branch_and_work_facts ... ok
test adversarial::metadata_filter_planner::tests::metadata_retained_fixture_replays_all_four_exact_checkers_without_seed_generation ... ok
test adversarial::runner::tests::crash_after_coverage_counts_each_content_event_once ... ok
test adversarial::metadata_filter_planner::tests::visited_budget_fault_executes_query_fallback ... ok
test adversarial::runner::metadata_receipt_credit_tests::metadata_i39_coverage_requires_production_execution_receipts ... ok
test adversarial::runner::tests::vector_family_no_longer_round_trips_a_dead_clock_site ... ok
test adversarial::runner::tests::deadline_probe_refuses_an_already_expired_deadline ... ok
test adversarial::runner::metadata_receipt_credit_tests::mismatched_metadata_guard_facts_cannot_earn_fault_credit ... ok
test adversarial::runner::storage_receipt_credit_tests::failed_wal_i18_projection_cannot_return_operation_success ... ok
test adversarial::runner::storage_receipt_credit_tests::failed_storage_invariant_cannot_earn_receipt_or_site_credit ... ok
test adversarial::metadata_filter_planner::tests::every_metadata_fault_starts_from_byte_identical_nonempty_directory_copies ... ok
test a_refused_crash_recovery_still_reconciles_the_durably_synced_revise ... ok
test adversarial::metadata_filter_planner::tests::bitmap_operation_exposes_complete_45_case_public_matrix ... ok
test adversarial::storage_durability::tests::publication_abort_child ... ignored, self-spawned publication crash checkpoint
test adversarial::storage_durability::tests::retained_storage_fixture_codec_fails_closed_on_version_corruption_and_contract_drift ... ok
test adversarial::storage_durability::tests::retained_storage_fixture_codec_round_trips_literal_operation_identity ... ok
test adversarial::metadata_filter_planner::tests::metadata_control_records_explicit_directory_relation_and_outcome ... ok
test adversarial::storage_durability::tests::storage_family_copy_directory_traverses_lexicographically ... ok
test adversarial::metadata_filter_planner::tests::bitmap_seed_cycle_public_results_match_independent_recursive_algebra ... ok
test adversarial::runner::storage_receipt_credit_tests::mismatched_storage_receipt_cannot_earn_fault_or_duplicate_invariant_credit ... ok
test adversarial::runner::storage_receipt_credit_tests::raw_storage_artifact_bytes_must_match_the_independent_digest_fact ... ok
test adversarial::runner::tests::deadline_probe_is_independent_of_episode_wall_time ... ok
test adversarial::storage_durability::tests::storage_family_omission_schedule_rotates_the_complete_catalog ... ok
test adversarial::runner::vector_receipt_credit_tests::missing_rescore_rows_cannot_earn_fault_credit_with_a_success_status ... ok
test adversarial::runner::vector_receipt_credit_tests::quant_corruption_cannot_earn_fault_credit_with_a_success_status ... ok
test adversarial::runner::vector_receipt_credit_tests::vector_control_credit_requires_isolated_byte_identical_fixture_directories ... ok
test adversarial::runner::vector_receipt_credit_tests::vector_generic_evidence_serialization_binds_the_fault_pair ... ok
test adversarial::runner::vector_receipt_credit_tests::vector_generic_fault_that_blocks_the_feature_site_cannot_earn_feature_credit ... ok
test adversarial::runner::storage_receipt_credit_tests::storage_ack_ledger_must_match_the_independent_fixture_mutation ... ok
test adversarial::runner::vector_receipt_credit_tests::vector_generic_feature_credit_uses_the_exact_paired_mutation ... ok

running 1 test
test adversarial::vector_execution::tests::forced_backend_store_child ... test adversarial::storage_durability::tests::storage_family_episode_base_forks_five_byte_identical_operation_fixtures ... ok
ok

test result: ok. 1 passed; 0 failed; 0 ignored; 0 measured; 434 filtered out; finished in 0.03s

test adversarial::runner::vector_receipt_credit_tests::vector_generic_forced_backend_credit_uses_the_paired_receipt ... ok

running 1 test
test adversarial::storage_durability::tests::publication_abort_child ... test adversarial::storage_durability::tests::storage_family_reachability_adapter_emits_exact_receipt ... ok
test adversarial::storage_durability::tests::storage_family_segment_mutation_uses_fixture_region_chunk_and_byte ... ok
test adversarial::storage_durability::tests::storage_family_retry_covers_sealed_reopened_resolution ... ok
test adversarial::storage_durability::tests::storage_family_wal_prefix_uses_actual_durable_ack_ledger ... ok
test adversarial::storage_durability::tests::storage_family_publication_starts_from_a_sealed_old_state ... ok
test adversarial::storage_durability::tests::storage_family_retry_adapter_emits_exact_receipt ... ok

running 1 test
test adversarial::storage_durability::tests::publication_abort_child ... test adversarial::tiering_maintenance::tests::connectivity_repair_phase_crash_fires_once ... ok
test adversarial::storage_durability::tests::storage_family_wrong_segment_covers_family_and_identity_refusals ... ok
test adversarial::storage_durability::tests::storage_oracle_i15_plant_is_rejected ... ok

running 1 test
test adversarial::storage_durability::tests::publication_abort_child ... test adversarial::storage_durability::tests::storage_oracle_i18_plant_is_rejected ... ok
test adversarial::runner::metadata_receipt_credit_tests::typed_metadata_evidence_reaches_every_required_family_coverage_key ... ok
test adversarial::vector_execution::tests::forced_backend_store_child ... ignored, self-spawned forced dispatch requires a fresh process
test adversarial::storage_durability::tests::storage_oracle_i19_plant_is_rejected ... ok

running 1 test
test adversarial::vector_execution::tests::forced_backend_store_child ... ok

test result: ok. 1 passed; 0 failed; 0 ignored; 0 measured; 434 filtered out; finished in 0.00s

test adversarial::vector_execution::tests::vector_adapter_forced_backend_uses_fresh_child ... ok
test adversarial::storage_durability::tests::storage_family_episode_entry_points_consume_their_owned_forks ... ok
test adversarial::vector_execution::tests::vector_adapter_clean_operations_return_owned_dto_pairs ... ok
test adversarial::vector_execution::tests::vector_expected_comparison_counts_are_family_owned_and_fault_exact ... ok

running 1 test
test adversarial::vector_execution::tests::forced_backend_store_child ... ok

test result: ok. 1 passed; 0 failed; 0 ignored; 0 measured; 434 filtered out; finished in 0.00s

test adversarial::vector_execution::tests::vector_forced_backend_uses_isolated_byte_identical_fixture_directories ... ok

running 1 test
test adversarial::vector_execution::tests::forced_backend_store_child ... ok

test result: ok. 1 passed; 0 failed; 0 ignored; 0 measured; 434 filtered out; finished in 0.00s

test adversarial::storage_durability::tests::storage_family_publication_adapters_use_true_abort_children ... ok
test adversarial::vector_execution::tests::vector_generic_fault_pair_keeps_typed_feature_fault_as_only_delta ... ok
test adversarial::vector_execution::tests::vector_generic_fault_uses_distinct_scheduled_vfs_runtimes_at_program_operation ... ok
test adversarial::vector_execution::tests::vector_adapter_in_process_catalog_faults_drain_one_product_receipt ... ok
test adversarial::vector_execution::tests::vector_i24_corpus_covers_zero_misalignment_boundaries_and_ieee_specials ... ok
test adversarial::vector_execution::tests::vector_i24_float_corpora_are_separate_and_live ... ok
test adversarial::vector_execution::tests::vector_adapter_returns_family_owned_canonical_attestations ... ok
test adversarial::vector_execution::tests::vector_i25_corpus_covers_every_special_position_boundary_and_scheme ... ok
test adversarial::storage_durability::tests::storage_oracle_i17_plant_is_rejected ... ok
test adversarial::storage_durability::tests::storage_family_wal_prefix_adapter_emits_exact_receipts ... ok
test adversarial::vector_execution::tests::vector_i25_int8_uses_same_public_ingest_document_leg ... ok
test adversarial::vector_execution::tests::vector_i26_corpus_covers_modes_negative_candidates_and_all_store_tiers ... ok
test adversarial::storage_durability::tests::storage_family_format_adapter_emits_exact_receipts ... ok
test adversarial::vector_execution::tests::vector_i27_expected_sources_are_derived_without_a_store_query ... ok
test adversarial::storage_durability::tests::storage_oracle_i16_plant_is_rejected ... ok
test adversarial::vector_execution::tests::vector_i24_adapter_plant_fails_real_observation_and_raii_restores ... ok
test adversarial::vector_execution::tests::vector_i25_adapter_plant_fails_real_observation_and_raii_restores ... ok
test adversarial::vector_execution::tests::vector_i26_adapter_plant_fails_real_observation_and_raii_restores ... ok
test adversarial::vector_execution::tests::vector_i27_corpus_covers_every_phase_and_tier_with_same_fixture_controls ... ok
test adversarial::vector_execution::tests::vector_missing_rescore_query_site_uses_graph_public_store ... ok
test adversarial::vector_execution::tests::vector_quantization_fault_uses_isolated_byte_identical_fixture_directories ... ok
test adversarial::vector_execution::tests::vector_rescore_fault_uses_isolated_byte_identical_fixture_directories ... ok
test adversarial_program_can_delete_a_pre_seal_id ... ok
test adversarial::vector_execution::tests::vector_i27_adapter_plant_fails_real_observation_and_raii_restores ... ok

running 1 test
test adversarial::vector_execution::tests::forced_backend_store_child ... ok

test result: ok. 1 passed; 0 failed; 0 ignored; 0 measured; 434 filtered out; finished in 0.00s

test adversarial::tiering_maintenance::tests::every_tier_operation_runs_its_checker ... ok
test adversarial::storage_durability::tests::retained_storage_fixture_executes_literal_bytes_for_all_five_operations ... ok
test adversarial::storage_durability::tests::storage_family_i18_exposes_the_complete_typed_public_case_catalog ... ok
test attestation_rejects_a_refused_comparison_counted_as_equal ... ok
test adversarial::storage_durability::tests::storage_family_reachability_covers_every_omission_case ... ok
test bitmap_truncation_requires_short_alive_region ... ok
test busy_child ... ignored, helper subprocess holds an inherited writer-lock descriptor
test busy_child_helper_exits_zero_and_never_touches_the_store ... ok
test an_emitted_fts_probe_reaches_every_shipped_lexical_extra ... ok
test busy_layer_full_family_gate ... ignored, stage 05 explicit 48-episode per-family gate
test an_emitted_hybrid_operation_fuses_sealed_vectors_and_lexical_content ... ok
test campaign ... ignored, manual release campaign: at least eight hours and 10,000 episodes
test campaign_attestation_binds_every_merged_core_stream ... ok
test an_emitted_program_executes_a_filtered_graph_query ... ok
test campaign_executes_consecutive_seed_numbers ... ok
test campaign_registry_is_complete_unique_and_smoke_bounded ... ok
test adversarial::vector_execution::tests::vector_row_cancellation_covers_active_bit4_int8_and_graph_subsites ... ok
test audit_crash_seam_no_longer_pushes_a_synthetic_event ... ok
test busy_layer_can_catch_a_second_writer_that_acquires_the_lock ... ok
test an_emitted_program_executes_alias_switch_rollback_drop_and_typed_rejection ... ok
test cancel_layer_full_family_gate ... ignored, stage-04 48-episode full-profile family gate
test clean_control_helper_records_faulted_open_as_a_typed_refusal ... ok
test clean_control_helper_reports_false_when_the_clean_leg_disagrees_with_the_oracle ... ok
test clean_control_helper_runs_the_clean_leg_without_any_scheduled_event ... ok
test cancel_does_not_change_store_state ... ok
test cancel_layer_can_catch_a_graph_search_that_returns_partial_candidates ... ok
test adversarial::vector_execution::tests::vector_generic_fault_pair_fires_each_store_owned_feature_site ... ok
test adversarial::tiering_maintenance::tests::every_declared_tier_fault_fires_once ... ok
test clean_feature_episode_executes_every_bound_checker ... ok
test clock_events_fire_independently_of_the_armed_read_count ... ok
test adversarial::vector_execution::tests::vector_row_identity_faults_use_isolated_byte_identical_fixture_directories ... ok
test clock_jump_past_budget_mid_query_returns_typed_deadline_error_and_no_rows ... ok
test clock_jump_planner_never_draws_an_inert_zero_second_jump ... ok
test clock_jump_within_budget_mid_query_returns_the_exact_model_result ... ok
test adversarial::vamana_graph::tests::every_graph_operation_runs_its_public_invariant_checker ... ok
test clock_layer_can_catch_a_deadline_checked_only_before_the_scan ... ok
test campaign_replays_each_feature_episode_before_attestation ... ok
test clock_tick_does_not_consume_or_surface_a_product_read_fault ... ok
test clock_stall_query_completes_with_the_exact_model_result ... ok
test completed_feature_summary_rejects_pre_attestation_schema_v3 ... ok
test column_corruption_requires_decoder_receipt ... ok
test clean_ingest_batch_runs_i20_exact_checker ... ok
test clean_physical_purge_runs_i23_byte_and_reopen_checker ... ok
test crash_child ... ignored, helper subprocess intentionally aborts after a durable acknowledgement
test clean_retention_runs_i22_exact_boundary_checker ... ok
test adversarial::vector_execution::tests::vector_retained_canonical_bytes_replay_without_seed_derivation ... ok
test clean_seal_runs_i21_exact_multiset_checker ... ok
test adversarial::runner::graph_campaign_tests::graph_campaign_dispatch_records_every_invariant_and_fault_receipt ... ok
test clock_jump_does_not_override_a_crashed_graph_preflight_refusal ... ok
test deadline_probe_is_refused_before_the_query_executor_begins ... ok
test crash_after_first_wal_directory_sync_preserves_the_model_batch ... ok
test derived_smoke_seed_prefix_covers_every_key_and_is_at_most_224 ... ok
test disk_preset_plans_enospc_only_io_faults_while_io_errors_plans_a_mix ... ok
test empty_family_violations_alias_is_not_a_coverage_gap ... ok
test environment_for_random_profile_is_a_pure_function_of_seed ... ok
test every_existing_fault_mode_and_site_key_is_still_emitted_under_full ... ok
test every_family_requires_every_layered_coverage_key ... ok
test crash_fired_during_acked_op_is_recovered_not_reported_as_i1 ... ok
test every_implemented_invariant_has_a_counterexample_that_trips_it ... ok
test busy_layer_surfaces_second_writer_when_content_shares_the_operation ... ok

running 1 test
test adversarial::storage_durability::tests::publication_abort_child ... test consolidation_merge_enospc_is_typed_and_publishes_nothing ... ok
test consolidation_unlink_failure_after_commit_is_swept_on_reopen ... ok
test crash_seam_audit_does_not_credit_injected_fault_coverage ... ok
test crashed_seal_does_not_credit_dependent_epoch_transitions ... ok
test faults_jsonl_tags_generic_events_with_type_and_layer ... ok
test feature_attestation_accepts_a_declared_multi_receipt_fault ... ok
test feature_attestation_rejects_a_failed_comparison ... ok
test feature_attestation_rejects_empty_declared_family_streams ... ok
test feature_attestation_rejects_excess_oracle_comparisons ... ok
test feature_campaign_registry_owns_exact_ranges_without_generic_credit ... ok
test deadline_probe_records_when_cancel_takes_precedence ... ok
test feature_campaigns_refuse_generic_storage_credit ... ok
test feature_credit_has_no_generic_or_harness_fabricated_path ... ok
test adversarial::vector_execution::tests::vector_retained_fixture_round_trips_every_typed_fault_choice ... ok
test feature_fault_plan_has_a_clean_slot_and_full_has_two_distinct_faults ... ok
test feature_oracle_attestation_rejects_a_wrong_checker_version ... ok
test feature_programs_are_namespaced_and_emit_the_declared_operations ... ok
test feature_programs_distribute_operations_across_lifecycle_phases ... ok
test feature_programs_exclude_every_legacy_epoch_operation ... ok
test feature_programs_preserve_declared_dependency_order ... ok
test feature_replay_compares_every_attested_artifact ... ok
test feature_replay_ledger_rejects_a_digest_mismatch ... ok
test feature_replay_rejects_schema_v3_without_independent_oracle_attestation ... ok
test clock_layer_events_are_real_not_synthesized ... ok
test feature_summary_verifier_requires_the_nested_vector_attestation ... ok
test ffi_campaign_comparison_counts_include_same_operation_fault_multiplicity ... ok
test finish_cancel_does_not_fabricate_an_unmatched_event ... ok
test fts_campaign_comparison_counts_include_same_operation_fault_multiplicity ... ok
test fts_control_goes_false_under_a_planted_product_mutation ... ok

running 1 test
test adversarial::storage_durability::tests::publication_abort_child ... test exploratory_feature_campaign_reports_missing_coverage_and_fails_qualification ... ok
test graph_campaign_comparison_counts_include_same_operation_fault_multiplicity ... ok
test graph_campaign_oracle_rows_bind_all_eight_exact_checkers ... ok
test adversarial::vamana_graph::tests::every_declared_graph_fault_fires_once_at_its_operation ... ok
test hybrid_campaign_comparison_counts_include_same_operation_fault_multiplicity ... ok
test i20_batch_atomicity_checker_rejects_one_visible_row_from_failed_batch ... ok
test i21_seal_checker_rejects_a_missing_document ... ok
test i22_retention_checker_rejects_inclusive_cutoff_drop ... ok
test i23_purge_checker_rejects_completed_sentinel_hit ... ok
test independent_oracle_is_a_std_only_source_and_dependency_boundary ... ok
test ingest_campaign_comparison_counts_include_same_operation_fault_multiplicity ... ok
test feature_rotation_preserves_complete_merged_evidence_first ... ok

running 1 test
test adversarial::storage_durability::tests::publication_abort_child ... 
running 1 test
test adversarial::vector_execution::tests::forced_backend_store_child ... ok

test result: ok. 1 passed; 0 failed; 0 ignored; 0 measured; 434 filtered out; finished in 0.00s


running 1 test
test adversarial::storage_durability::tests::publication_abort_child ... test feature_campaign_with_failed_episodes_still_reaches_a_verdict ... ok
test adversarial::vector_execution::tests::vector_retained_fixture_codec_executes_literal_bytes_without_seed_derivation ... ok
test feature_episode_writes_schema_v3_replay_metadata ... ok
test ingest_retention_attestation_rejects_receipt_credit_absent_from_merged_evidence ... ok
test fts_pre_cancelled_probe_is_credited_as_a_generic_cancel_event ... ok
test graph_search_refusal_after_crashed_graph_checkpoint_is_not_a_violation ... ok

running 1 test
test adversarial::storage_durability::tests::publication_abort_child ... test ingest_retention_final_verifier_rejects_fabricated_receipt_credit ... ok
test ingest_retention_i20_oracle_is_std_only ... ok
test ingest_partial_batch_append_can_fire_at_batch_commit ... ok
test campaign_records_failed_seeds_continues_and_fails_qualification_at_the_end ... ok
test ingest_retention_old_summary_without_oracle_attestation_is_rejected ... ok
test ingest_post_ack_retry_can_fire_at_batch_commit ... ok

running 1 test
test adversarial::storage_durability::tests::publication_abort_child ... 
running 1 test
test adversarial::ingest_retention::tests::purge_crash_receipt_child_helper ... test ingest_purge_crash_boundary_can_fire_at_purge ... ok
test ingest_purge_unlink_error_can_fire_at_purge ... ok
test ingest_retention_clock_boundary_can_fire_at_retention ... ok
test ingest_retention_full_profile_replays_two_distinct_faults_on_one_operation ... ok
test injected_store_vfs_reaches_open_and_wal_creation ... ok
test invariant_registry_assigns_active_ids_once_and_reserves_epoch_ranges ... ok
test isolated_vfs_probes_cannot_issue_feature_fault_receipts ... ok
test legacy_replay_artifacts_are_implicit_overall ... ok
test lifecycle_campaign_comparison_counts_include_same_operation_fault_multiplicity ... ok
test merged_evidence_rejects_a_duplicate_oracle_identity_before_any_append ... ok
test merged_evidence_rejects_a_duplicate_seed_profile_before_rotation ... ok
test merged_evidence_reopens_and_rejects_a_corrupted_durable_stream ... ok
test merged_evidence_retains_every_family_stream_before_rotation ... ok
test metadata_attestation_rejects_duplicate_i37_oracle_case_identity ... ok
test metadata_attestation_uses_the_observed_replay_count ... ok
test metadata_campaign_attestation_reports_the_exact_family_ledger ... ok
test metadata_campaign_comparison_counts_include_same_operation_fault_multiplicity ... ok
test metadata_campaign_rejects_generic_invariant_credit ... ok
test metadata_campaign_requires_every_i37_predicate_matrix_cell ... ok
test metadata_campaign_requires_the_typed_family_coverage_catalog ... ok
test cancel_after_nth_read_returns_cancelled_or_the_exact_result_never_partial has been running for over 60 seconds
test ingest_retention_merged_ledger_is_derived_from_retained_rows ... ok
test ingest_retention_observations_are_typed_canonical_records ... ok
test metadata_i38_pruned_source_is_independently_proved_and_attested ... ok
test metadata_merged_verifier_rejects_a_zero_schedule_digest ... ok
test metadata_oracle_attestation_rejects_a_stale_checker_ledger ... ok
test metadata_oracle_attestation_rejects_wrong_fault_receipt_cardinality ... ok
test ingest_retention_oracle_rows_bind_operation_fault_invocation_identity ... ok
test ingest_retention_oracle_rows_replay_the_family_canonical_bytes ... ok
test ingest_retention_receipt_checksum_rejects_effect_drift ... ok
test metadata_replay_self_test_rejects_every_independent_stream_mutation ... ok
test crash_layer_can_catch_a_missing_sync_before_manifest_rename has been running for over 60 seconds
test crash_preset_fires_in_at_least_forty_percent_of_each_family has been running for over 60 seconds
test ingest_seal_cancellation_can_fire_at_seal ... ok
test metadata_selectivity_attestation_counts_two_receipts_per_control_pair ... ok
test metadata_summary_rejects_a_generic_feature_attestation_explicitly ... ok
test metadata_summary_requires_oracle_attestation ... ok
test metadata_verifier_rejects_a_zero_normalized_schedule_digest ... ok
test metadata_verifier_rejects_an_empty_checksum_rewrite_ledger ... ok
test no_family_sets_clean_control_passed_as_a_literal ... ok
test ingest_retention_replay_compares_oracle_controls_and_receipts ... ok
test overall_campaign_dispatch_preserves_the_original_program_bytes ... ok
test every_feature_fault_can_fire_once_at_its_declared_operation has been running for over 60 seconds
test metadata_feature_episode_uses_exact_i36_i39_adapters ... ok
test every_ingest_retention_fault_can_fire_at_its_store_operation has been running for over 60 seconds
test every_metadata_fault_uses_its_declared_production_receipt_cardinality has been running for over 60 seconds
test metadata_fixture_artifact_executes_literal_family_bytes ... ok
test planned_content_write_can_target_the_segment_temp_file ... ok
test planned_content_writes_are_not_restricted_to_the_manifest ... ok
test pre_cancelled_query_returns_typed_error_for_every_query_op_kind ... ok
test production_feature_receipt_boundary_is_hidden_and_fact_complete ... ok
test profile_for_seed_is_total_and_covers_every_preset_in_eight_seeds ... ok
test property_graph_domain_probe_preserves_primitive_contracts ... ok
test real_crash_child_rebuilds_the_schedule_from_seed ... ok
test every_storage_fault_fires_through_its_exact_campaign_operation has been running for over 60 seconds
test every_vector_fault_uses_one_typed_production_receipt_and_same_seed_control has been running for over 60 seconds
test release_feature_campaign_refuses_incomplete_coverage ... ok
test metadata_replay_declares_fixture_and_query_evidence ... ok
test release_qualification_fails_when_a_family_has_no_layered_episode ... ok
test remaining_direct_family_oracle_rows_bind_their_exact_checkers ... ok
test replay ... ignored, explicit byte-identical artifact replay entry point
test reproduction_line_omits_profile_unless_overridden ... ok
test retained_storage_summary_without_family_attestation_is_rejected ... ok
test retained_vector_summary_without_family_attestation_is_rejected ... ok
test run ... ignored, explicit seeded adversarial replay entry point
test run_reproduction_line_is_seed_only_when_profile_is_not_overridden ... ok
test metadata_replay_executes_retained_literal_fixture_without_program_regeneration ... ok
test release_feature_campaign_rejects_real_violations ... ok
test runner_helper_accounting_child ... ignored, isolated child for helper accounting across process-global family tests
test runner_records_busy_hook_error_at_content_faulted_operation ... ok
test runner_records_violation_after_content_fault_at_earlier_operation ... ok
test runner_retries_after_io_layer_and_not_after_content_layer_at_same_op ... ok
test metadata_replay_executes_the_retained_independent_checker ... ok
test schedule_is_deterministic_for_seed_environment_and_program ... ok
test schedule_never_targets_a_site_the_op_cannot_reach ... ok
test schedule_places_events_on_random_ops_not_only_the_first ... ok
test schedule_uses_drawn_nth_match_under_each_stage_01_fault_preset ... ok
test scheduled_open_fault_reaches_a_sealed_segment_open ... ok
test scheduled_open_fault_reaches_store_directory_admission ... ok
test scheduled_vfs_fires_the_last_match_not_the_first ... ok
test scheduled_vfs_fires_the_nth_match_not_the_first ... ok
test second_opener_in_process_is_refused_and_first_handle_keeps_working ... ok
test second_opener_probe_requires_an_open_first_handle_without_mutation ... ok
test second_opener_refusal_leaves_no_artifact_in_the_store_directory ... ok
test metadata_retained_replay_rejects_a_mutated_same_seed_control_digest ... ok
test selectivity_boundary_straddles_production_threshold ... ok
test self_test_diagnostics_lie_trips_i13 ... ok
test self_test_dropped_acknowledged_write_trips_i1 ... ok
test self_test_filtered_result_outside_predicate_trips_i5 ... ok
test self_test_generation_lie_trips_i9 ... ok
test self_test_mixed_alias_segments_trip_i14 ... ok
test self_test_tombstone_leak_trips_i2 ... ok
test self_test_wrong_document_trips_i3 ... ok
test one_episode_records_successful_public_path_coverage ... ok
test overall_content_fault_stops_after_typed_refusal_without_downstream_epoch_violations ... ok
test simulated_crash_oracle_rejects_a_torn_middle ... ok

running 1 test
test adversarial::storage_durability::tests::publication_abort_child ... test selected_feature_fault_fires_once_at_its_declared_operation ... ok
test spawn_in_flight_reopen_matches_the_fix_contract ... ok
test simulated_crash_after_torn_seal_write_yields_clean_prefix_or_refusal ... ok
test storage_attestation_rejects_a_case_count_not_present_in_merged_coverage ... ok
test storage_attestation_rejects_a_receipt_count_not_present_in_merged_receipts ... ok
test storage_campaign_attestation_embeds_the_strict_family_ledger ... ok
test storage_campaign_comparison_counts_include_damaged_wal_i18_projections ... ok
test storage_campaign_comparison_counts_include_same_operation_fault_multiplicity ... ok
test simulated_crash_event_fires_at_a_sampled_ingest_and_store_reopens ... ok
test storage_campaign_requires_both_shared_fault_subcases ... ok
test storage_clean_fault_pair_is_byte_identical_before_injection ... ok
test runner_counts_qualifying_controls_from_the_helper_for_every_family ... ok
test overall_dispatch_preserves_all_four_compatibility_artifact_streams ... ok
test same_seed_is_byte_identical_and_has_identical_outcome ... ok
test storage_durability_first_ack_survives_post_ack_wal_create_crash ... ok

running 1 test
test adversarial::storage_durability::tests::publication_abort_child ... test storage_corrupt_segment_region_can_fire ... ok

running 1 test
test adversarial::ingest_retention::tests::purge_crash_receipt_child_helper ... test every_ingest_retention_fault_can_fire_at_its_store_operation ... ok
test storage_delete_omission_can_fire ... ok
test spawn_in_flight_reopen_records_first_attempt_success ... ok

running 1 test
test adversarial::storage_durability::tests::publication_abort_child ... test storage_content_fault_refusal_does_not_skip_the_selected_feature_operation ... ok
test run_with_seed_only_replays_the_campaign_episode_byte_identically has been running for over 60 seconds
test storage_episode_writes_complete_attestation ... ok
test storage_fixture_artifact_executes_literal_family_bytes ... ok
test storage_merged_verifier_rejects_a_missing_production_receipt ... ok
test storage_merged_verifier_rejects_a_mutated_receipt_digest ... ok
test storage_episode_serializes_the_shared_base_and_five_ordered_forks ... ok
test storage_oracle_attestation_has_exact_checker_case_and_receipt_catalogs ... ok
test storage_oracle_i15_plant_is_rejected ... ok
test storage_oracle_i16_plant_is_rejected ... ok
test storage_oracle_i17_plant_is_rejected ... ok
test storage_oracle_i18_plant_is_rejected ... ok
test storage_oracle_i19_plant_is_rejected ... ok
test storage_oracle_is_std_only ... ok
test smoke has been running for over 60 seconds
test storage_list_omission_can_fire ... ok

running 1 test
test adversarial::storage_durability::tests::publication_abort_child ... test storage_manifest_post_rename_crash_can_fire ... ok

running 1 test
test adversarial::storage_durability::tests::publication_abort_child ... test storage_manifest_pre_rename_crash_can_fire ... ok

running 1 test
test adversarial::storage_durability::tests::publication_abort_child ... test storage_campaign_executes_every_required_format_and_omission_case has been running for over 60 seconds
test storage_post_commit_error_can_fire ... ok
test storage_replay_declares_every_family_evidence_stream ... ok
test storage_required_coverage_names_every_format_and_omission_case ... ok
test storage_fixture_grammar_reaches_required_phases has been running for over 60 seconds
test storage_replay_executes_the_retained_literal_fixture ... ok
test storage_observation_stream_retains_child_and_cleanup_intermediate_facts ... ok
test storage_replay_metadata_rejects_a_stale_nested_checker_contract ... ok
test storage_summary_reconciles_checkers_controls_and_receipts ... ok
test storage_torn_wal_body_can_fire ... ok
test storage_verifier_rejects_legacy_false_credit ... ok
test storage_torn_wal_checksum_can_fire ... ok
test storage_replay_compares_every_evidence_stream has been running for over 60 seconds
test every_metadata_fault_uses_its_declared_production_receipt_cardinality ... ok
test storage_replay_compares_every_evidence_stream ... ok

running 1 test
test adversarial::storage_durability::tests::publication_abort_child ... test storage_torn_wal_header_can_fire ... ok
test tiering_campaign_comparison_counts_include_same_operation_fault_multiplicity ... ok

running 1 test
test adversarial::storage_durability::tests::publication_abort_child ... test tiering_control_goes_false_under_a_planted_product_mutation ... ok
test storage_wal_damage_records_i16_and_the_exact_i18_projection_once ... ok
test torn_graph_checkpoint_refuses_once_then_the_next_maintain_rebuilds ... ok
test twelve_seed_sweep_emits_every_process_crash_boundary ... ok
test twelve_seed_sweep_emits_every_typed_predicate ... ok
test unfired_event_does_not_starve_ready_event_at_same_op_and_site ... ok
test torn_consolidation_checkpoint_restarts_the_merge_instead_of_resuming ... ok
test storage_wrong_manifest_object_can_fire ... ok
test vector_attestation_accepts_repeated_backend_coverage ... ok
test vector_attestation_rejects_a_comparison_count_not_present_in_merged_oracle ... ok
test vector_attestation_rejects_a_generic_pair_count_not_present_in_merged_controls ... ok
test vector_attestation_rejects_a_site_count_not_present_in_merged_coverage ... ok
test vector_attestation_rejects_an_empty_runtime_backend_inventory ... ok
test vector_campaign_attestation_embeds_the_exact_family_ledger ... ok
test vector_campaign_comparison_counts_follow_the_family_contract ... ok
test vector_campaign_comparison_counts_include_same_operation_fault_multiplicity ... ok
test vector_campaign_requires_positive_quantization_and_document_tie_cells ... ok
test vector_campaign_requires_the_exact_typed_coverage_catalog ... ok
test the_emitted_sweep_program_interleaves_an_epoch_mismatch_probe_with_real_writes ... ok

running 1 test
test adversarial::storage_durability::tests::publication_abort_child ... test every_storage_fault_fires_through_its_exact_campaign_operation ... ok
test vamana_control_goes_false_under_a_planted_product_mutation ... ok

running 1 test
test adversarial::storage_durability::tests::publication_abort_child ... test storage_shared_subcases_require_validated_production_receipts has been running for over 60 seconds
test unmatched_cancel_stays_unfired_in_faults_jsonl_and_earns_no_coverage ... ok
test storage_wrong_segment_object_can_fire ... ok

running 1 test
test adversarial::vector_execution::tests::forced_backend_store_child ... ok

test result: ok. 1 passed; 0 failed; 0 ignored; 0 measured; 434 filtered out; finished in 0.00s


running 1 test
test adversarial::vector_execution::tests::forced_backend_store_child ... ok

test result: ok. 1 passed; 0 failed; 0 ignored; 0 measured; 434 filtered out; finished in 0.00s

test run_with_seed_only_replays_the_campaign_episode_byte_identically ... ok
test storage_shared_subcases_require_validated_production_receipts ... ok
test storage_fixture_grammar_reaches_required_phases ... ok

running 1 test
test adversarial::ingest_retention::tests::purge_crash_receipt_child_helper ... test vector_kernel_operation_uses_exact_i24_and_real_store_selection ... ok
test vector_forced_child_replay_retains_typed_binary_product_receipt ... ok
test vector_fixture_artifact_executes_literal_family_bytes ... ok
test storage_campaign_executes_every_required_format_and_omission_case ... ok
test vector_feature_episode_uses_only_exact_family_checkers has been running for over 60 seconds
test visited_budget_fault_executes_query_fallback ... ok
test vector_feature_episode_uses_only_exact_family_checkers ... ok
test vector_oracle_record_rejects_a_stale_family_canonical_digest ... ok

running 1 test
test adversarial::vector_execution::tests::forced_backend_store_child ... ok

test result: ok. 1 passed; 0 failed; 0 ignored; 0 measured; 434 filtered out; finished in 0.00s

test verifier_recomputed_plan_equals_the_faults_jsonl_bytes ... ok
test vector_replay_declares_every_family_evidence_stream ... ok
test vector_replay_executes_the_retained_independent_checker ... ok
test vector_replay_metadata_rejects_a_stale_nested_canonical_contract ... ok
test vector_rotation_preserves_merged_evidence ... ok
test vector_replay_compares_every_artifact has been running for over 60 seconds
test vector_replay_compares_every_artifact ... ok

running 1 test
test adversarial::ingest_retention::tests::purge_crash_receipt_child_helper ... 
running 1 test
test adversarial::storage_durability::tests::publication_abort_child ... 
running 1 test
test adversarial::vector_execution::tests::forced_backend_store_child ... ok

test result: ok. 1 passed; 0 failed; 0 ignored; 0 measured; 434 filtered out; finished in 0.00s


running 1 test
test adversarial::vector_execution::tests::forced_backend_store_child ... ok

test result: ok. 1 passed; 0 failed; 0 ignored; 0 measured; 434 filtered out; finished in 0.00s


running 1 test
test adversarial::storage_durability::tests::publication_abort_child ... test vector_retained_replay_rejects_a_mutated_literal_fixture ... ok

running 1 test
test adversarial::storage_durability::tests::publication_abort_child ... 
running 1 test
test adversarial::storage_durability::tests::publication_abort_child ... 
running 1 test
test adversarial::storage_durability::tests::publication_abort_child ... 
running 1 test
test adversarial::storage_durability::tests::publication_abort_child ... 
running 1 test
test adversarial::vector_execution::tests::forced_backend_store_child ... ok

test result: ok. 1 passed; 0 failed; 0 ignored; 0 measured; 434 filtered out; finished in 0.00s


running 1 test
test adversarial::vector_execution::tests::forced_backend_store_child ... ok

test result: ok. 1 passed; 0 failed; 0 ignored; 0 measured; 434 filtered out; finished in 0.00s


running 1 test
test adversarial::ingest_retention::tests::purge_crash_receipt_child_helper ... 
running 1 test
test adversarial::ingest_retention::tests::purge_crash_receipt_child_helper ... 
running 1 test
test adversarial::ingest_retention::tests::purge_crash_receipt_child_helper ... 
running 1 test
test adversarial::ingest_retention::tests::purge_crash_receipt_child_helper ... 
running 1 test
test adversarial::ingest_retention::tests::purge_crash_receipt_child_helper ... 
running 1 test
test adversarial::vector_execution::tests::forced_backend_store_child ... ok

test result: ok. 1 passed; 0 failed; 0 ignored; 0 measured; 434 filtered out; finished in 0.00s


running 1 test
test adversarial::ingest_retention::tests::purge_crash_receipt_child_helper ... test crash_layer_can_catch_a_missing_sync_before_manifest_rename ... ok

running 1 test
test adversarial::ingest_retention::tests::purge_crash_receipt_child_helper ... 
running 1 test
test adversarial::vector_execution::tests::forced_backend_store_child ... ok

test result: ok. 1 passed; 0 failed; 0 ignored; 0 measured; 434 filtered out; finished in 0.00s


running 1 test
test adversarial::vector_execution::tests::forced_backend_store_child ... ok

test result: ok. 1 passed; 0 failed; 0 ignored; 0 measured; 434 filtered out; finished in 0.00s


running 1 test
test adversarial::vector_execution::tests::forced_backend_store_child ... ok

test result: ok. 1 passed; 0 failed; 0 ignored; 0 measured; 434 filtered out; finished in 0.00s

test every_vector_fault_uses_one_typed_production_receipt_and_same_seed_control ... ok

running 1 test
test adversarial::vector_execution::tests::forced_backend_store_child ... ok

test result: ok. 1 passed; 0 failed; 0 ignored; 0 measured; 434 filtered out; finished in 0.00s

test every_feature_fault_can_fire_once_at_its_declared_operation ... ok

running 1 test
test adversarial::vector_execution::tests::forced_backend_store_child ... ok

test result: ok. 1 passed; 0 failed; 0 ignored; 0 measured; 434 filtered out; finished in 0.00s

test cancel_after_nth_read_returns_cancelled_or_the_exact_result_never_partial ... ok
test smoke ... ok

running 1 test
test adversarial::vector_execution::tests::forced_backend_store_child ... ok

test result: ok. 1 passed; 0 failed; 0 ignored; 0 measured; 434 filtered out; finished in 0.00s


running 1 test
test adversarial::vector_execution::tests::forced_backend_store_child ... ok

test result: ok. 1 passed; 0 failed; 0 ignored; 0 measured; 434 filtered out; finished in 0.00s


running 1 test
test adversarial::vector_execution::tests::forced_backend_store_child ... ok

test result: ok. 1 passed; 0 failed; 0 ignored; 0 measured; 434 filtered out; finished in 0.00s


running 1 test
test adversarial::vector_execution::tests::forced_backend_store_child ... ok

test result: ok. 1 passed; 0 failed; 0 ignored; 0 measured; 434 filtered out; finished in 0.00s

test crash_preset_fires_in_at_least_forty_percent_of_each_family ... ok

test result: ok. 424 passed; 0 failed; 11 ignored; 0 measured; 0 filtered out; finished in 2342.69s

     Running graph_refinement.rs (target/llvm-cov-target/debug/deps/graph_refinement-dd477982001a3257)

running 9 tests
test refinement_pass_trailer_is_additive_and_old_graphs_decode_as_unapplied ... ok
test maintenance_publishes_connectivity_repair_only_for_angular_graphs ... ok
test a_valid_refinement_checkpoint_resumes_when_only_the_generation_moved ... ok
test interrupted_refinement_resumes_byte_identically_and_corruption_clears ... ok
test connectivity_repair_is_deterministic_connected_bounded_and_persisted ... ok
test every_refinement_pass_is_deterministic_bounded_and_row_preserving ... ok
test purge_after_renumber_removes_the_same_document_identity ... ok
test maintenance_applies_every_due_refinement_after_consolidation ... ok
test refinement_properties_hold_for_seeded_graphs ... ok

test result: ok. 9 passed; 0 failed; 0 ignored; 0 measured; 0 filtered out; finished in 0.13s

     Running scaffold_gates.rs (target/llvm-cov-target/debug/deps/scaffold_gates-671d177ad75d56b3)

running 3 tests
test deny_blacklist_rejects_banned_dep ... ignored, shells out to cargo-deny; CI runs this test explicitly
test coverage_script_fails_below_threshold ... ok
test size_budget_fails_on_inflated_binary ... ok

test result: ok. 2 passed; 0 failed; 1 ignored; 0 measured; 0 filtered out; finished in 42.77s


    Finished report saved to /tmp/ze-32-qualification/workspace-coverage.json
