$ cargo check -p zeppelin-embed --lib -j 4
    Checking zeppelin-embed v0.4.2 (/Users/aghatage/Documents/code/zeppelin-embed-wt-ze-154/crates/zeppelin-embed)
warning: method `analyze_with_policy` is never used
   --> crates/zeppelin-embed/src/fts/tokenizer/mod.rs:402:19
    |
371 | impl Analyzer {
    | ------------- method in this implementation
...
402 |     pub(crate) fn analyze_with_policy<'m, P: super::control::BuildPolicy<'m>>(
    |                   ^^^^^^^^^^^^^^^^^^^
    |
    = note: `#[warn(dead_code)]` (part of `#[warn(unused)]`) on by default

warning: function `fold_char` is never used
  --> crates/zeppelin-embed/src/fts/tokenizer/fold.rs:96:15
   |
96 | pub(crate) fn fold_char(value: char, output: &mut String) {
   |               ^^^^^^^^^

warning: function `fold` is never used
   --> crates/zeppelin-embed/src/fts/tokenizer/fold.rs:111:15
    |
111 | pub(crate) fn fold(input: &str) -> String {
    |               ^^^^

warning: function `compose` is never used
   --> crates/zeppelin-embed/src/fts/tokenizer/numbers.rs:102:15
    |
102 | pub(crate) fn compose(words: &[NumberWord]) -> Option<u64> {
    |               ^^^^^^^

warning: function `spell_joined` is never used
   --> crates/zeppelin-embed/src/fts/tokenizer/numbers.rs:176:15
    |
176 | pub(crate) fn spell_joined(value: u64) -> Option<String> {
    |               ^^^^^^^^^^^^

warning: function `spell_into` is never used
   --> crates/zeppelin-embed/src/fts/tokenizer/numbers.rs:289:4
    |
289 | fn spell_into(value: u64, out: &mut String) -> Option<()> {
    |    ^^^^^^^^^^

warning: function `parse_digits` is never used
   --> crates/zeppelin-embed/src/fts/tokenizer/numbers.rs:320:15
    |
320 | pub(crate) fn parse_digits(term: &str) -> Option<u64> {
    |               ^^^^^^^^^^^^

warning: methods `term` and `position` are never used
  --> crates/zeppelin-embed/src/fts/tokenizer/pipeline.rs:78:19
   |
77 | impl<C> ControlledToken<'_, C> {
   | ------------------------------ methods in this implementation
78 |     pub(crate) fn term(&self) -> &str {
   |                   ^^^^
...
81 |     pub(crate) const fn position(&self) -> u32 {
   |                         ^^^^^^^^

warning: function `segment` is never used
  --> crates/zeppelin-embed/src/fts/tokenizer/segment.rs:65:15
   |
65 | pub(crate) fn segment(text: &str) -> Vec<Span> {
   |               ^^^^^^^

warning: function `ideograph_bigrams` is never used
   --> crates/zeppelin-embed/src/fts/tokenizer/segment.rs:181:15
    |
181 | pub(crate) fn ideograph_bigrams(text: &str, span: Span) -> Vec<Span> {
    |               ^^^^^^^^^^^^^^^^^

warning: function `regions` is never used
  --> crates/zeppelin-embed/src/fts/tokenizer/stemmer.rs:67:4
   |
67 | fn regions(word: &[char]) -> (usize, usize) {
   |    ^^^^^^^

warning: function `region_after` is never used
  --> crates/zeppelin-embed/src/fts/tokenizer/stemmer.rs:86:4
   |
86 | fn region_after(word: &[char], from: usize) -> usize {
   |    ^^^^^^^^^^^^

warning: function `stem` is never used
   --> crates/zeppelin-embed/src/fts/tokenizer/stemmer.rs:200:15
    |
200 | pub(crate) fn stem(term: &str) -> String {
    |               ^^^^

warning: function `restore_y` is never used
   --> crates/zeppelin-embed/src/fts/tokenizer/stemmer.rs:430:4
    |
430 | fn restore_y(word: &[char]) -> String {
    |    ^^^^^^^^^

warning: function `step_1a` is never used
   --> crates/zeppelin-embed/src/fts/tokenizer/stemmer.rs:446:4
    |
446 | fn step_1a(word: &mut Vec<char>) {
    |    ^^^^^^^

warning: function `step_1b` is never used
   --> crates/zeppelin-embed/src/fts/tokenizer/stemmer.rs:473:4
    |
473 | fn step_1b(word: &mut Vec<char>, r1: usize) {
    |    ^^^^^^^

warning: struct `OwnedPosting` is never constructed
   --> crates/zeppelin-embed/src/fts/postings.rs:169:19
    |
169 | pub(crate) struct OwnedPosting<'m, C> {
    |                   ^^^^^^^^^^^^

warning: struct `GraphEncoded` is never constructed
   --> crates/zeppelin-embed/src/fts/postings.rs:585:19
    |
585 | pub(crate) struct GraphEncoded<'m, C> {
    |                   ^^^^^^^^^^^^

warning: struct `GraphListSummary` is never constructed
   --> crates/zeppelin-embed/src/fts/postings.rs:591:19
    |
591 | pub(crate) struct GraphListSummary {
    |                   ^^^^^^^^^^^^^^^^

warning: function `encode_graph_policy` is never used
   --> crates/zeppelin-embed/src/fts/postings.rs:600:15
    |
600 | pub(crate) fn encode_graph_policy<'m, P>(
    |               ^^^^^^^^^^^^^^^^^^^

warning: function `required_bits_policy` is never used
   --> crates/zeppelin-embed/src/fts/postings.rs:766:4
    |
766 | fn required_bits_policy<'m, P: super::control::BuildPolicy<'m>>(
    |    ^^^^^^^^^^^^^^^^^^^^

warning: function `pack_bits_policy` is never used
   --> crates/zeppelin-embed/src/fts/postings.rs:782:4
    |
782 | fn pack_bits_policy<'m, P: super::control::BuildPolicy<'m>>(
    |    ^^^^^^^^^^^^^^^^

warning: function `write_meta_policy` is never used
   --> crates/zeppelin-embed/src/fts/postings.rs:809:4
    |
809 | fn write_meta_policy<'m, P: super::control::BuildPolicy<'m>>(
    |    ^^^^^^^^^^^^^^^^^

warning: function `validate_graph_policy` is never used
   --> crates/zeppelin-embed/src/fts/postings.rs:836:15
    |
836 | pub(crate) fn validate_graph_policy<'m, P>(
    |               ^^^^^^^^^^^^^^^^^^^^^

warning: methods `lexical_block` and `lexical_posting` are never used
  --> crates/zeppelin-embed/src/fts/control.rs:22:8
   |
16 | pub(crate) trait BuildPolicy<'m> {
   |                  ----------- methods in this trait
...
22 |     fn lexical_block(&mut self) -> Result<(), Self::Error> {
   |        ^^^^^^^^^^^^^
...
25 |     fn lexical_posting(&mut self) -> Result<(), Self::Error> {
   |        ^^^^^^^^^^^^^^^

warning: methods `is_empty` and `extend_from_slice` are never used
   --> crates/zeppelin-embed/src/fts/control.rs:138:19
    |
120 | impl<'m, T, C> GuardedVec<'m, T, C> {
    | ----------------------------------- methods in this implementation
...
138 |     pub(crate) fn is_empty(&self) -> bool {
    |                   ^^^^^^^^
...
200 |     pub(crate) fn extend_from_slice<P>(
    |                   ^^^^^^^^^^^^^^^^^

warning: trait `CapacityCharge` is never used
   --> crates/zeppelin-embed/src/fts/control.rs:234:18
    |
234 | pub(crate) trait CapacityCharge {
    |                  ^^^^^^^^^^^^^^

warning: struct `GraphSealed` is never constructed
   --> crates/zeppelin-embed/src/fts/sealed.rs:158:19
    |
158 | pub(crate) struct GraphSealed<'m, C> {
    |                   ^^^^^^^^^^^

warning: methods `sealed` and `owned_bytes` are never used
   --> crates/zeppelin-embed/src/fts/sealed.rs:170:25
    |
169 | impl<C: super::control::CapacityCharge> GraphSealed<'_, C> {
    | ---------------------------------------------------------- methods in this implementation
170 |     pub(crate) const fn sealed(&self) -> &SealedSegment {
    |                         ^^^^^^
...
174 |     pub(crate) fn owned_bytes(&self) -> usize {
    |                   ^^^^^^^^^^^

warning: associated items `seal_policy`, `encode_region_policy`, and `decode_policy` are never used
   --> crates/zeppelin-embed/src/fts/sealed.rs:224:19
    |
223 | impl<'m, C> GraphSealed<'m, C> {
    | ------------------------------ associated items in this implementation
224 |     pub(crate) fn seal_policy<'a, P, I>(
    |                   ^^^^^^^^^^^
...
372 |     pub(crate) fn encode_region_policy<P>(
    |                   ^^^^^^^^^^^^^^^^^^^^
...
464 |     pub(crate) fn decode_policy<P>(bytes: &[u8], policy: &mut P) -> Result<(Self, u64), P::Error>
    |                   ^^^^^^^^^^^^^

warning: function `compare_bytes_policy` is never used
   --> crates/zeppelin-embed/src/fts/sealed.rs:742:4
    |
742 | fn compare_bytes_policy<'m, P: super::control::BuildPolicy<'m>>(
    |    ^^^^^^^^^^^^^^^^^^^^

warning: `zeppelin-embed` (lib) generated 31 warnings
    Finished `dev` profile [unoptimized + debuginfo] target(s) in 2.95s
$ cargo check -p zeppelin-embed --lib -j 4 --features graph-cypher
    Checking zeppelin-embed v0.4.2 (/Users/aghatage/Documents/code/zeppelin-embed-wt-ze-154/crates/zeppelin-embed)
warning: unused imports: `prepare_sparse_checkpoint` and `validate_replay_transition`
  --> crates/zeppelin-embed/src/property_graph/storage/search.rs:10:23
   |
10 |     SparseCheckpoint, prepare_sparse_checkpoint, validate_checkpoint,
   |                       ^^^^^^^^^^^^^^^^^^^^^^^^^
11 |     validate_persisted_replay_transition, validate_replay_transition,
   |                                           ^^^^^^^^^^^^^^^^^^^^^^^^^^
   |
   = note: `#[warn(unused_imports)]` (part of `#[warn(unused)]`) on by default

warning: unused imports: `SearchTraceCursor` and `SearchTraceResult`
  --> crates/zeppelin-embed/src/property_graph/storage/search.rs:15:24
   |
15 | pub(crate) use trace::{SearchTraceCursor, SearchTraceResult};
   |                        ^^^^^^^^^^^^^^^^^  ^^^^^^^^^^^^^^^^^

warning: unused imports: `SparseMember`, `SparseSource`, and `SparseSources`
  --> crates/zeppelin-embed/src/property_graph/storage/search.rs:16:23
   |
16 | pub(crate) use view::{SparseMember, SparseSource, SparseSources, SparseView};
   |                       ^^^^^^^^^^^^  ^^^^^^^^^^^^  ^^^^^^^^^^^^^

warning: function `fold_char` is never used
  --> crates/zeppelin-embed/src/fts/tokenizer/fold.rs:96:15
   |
96 | pub(crate) fn fold_char(value: char, output: &mut String) {
   |               ^^^^^^^^^
   |
   = note: `#[warn(dead_code)]` (part of `#[warn(unused)]`) on by default

warning: function `fold` is never used
   --> crates/zeppelin-embed/src/fts/tokenizer/fold.rs:111:15
    |
111 | pub(crate) fn fold(input: &str) -> String {
    |               ^^^^

warning: function `compose` is never used
   --> crates/zeppelin-embed/src/fts/tokenizer/numbers.rs:102:15
    |
102 | pub(crate) fn compose(words: &[NumberWord]) -> Option<u64> {
    |               ^^^^^^^

warning: function `spell_joined` is never used
   --> crates/zeppelin-embed/src/fts/tokenizer/numbers.rs:176:15
    |
176 | pub(crate) fn spell_joined(value: u64) -> Option<String> {
    |               ^^^^^^^^^^^^

warning: function `spell_into` is never used
   --> crates/zeppelin-embed/src/fts/tokenizer/numbers.rs:289:4
    |
289 | fn spell_into(value: u64, out: &mut String) -> Option<()> {
    |    ^^^^^^^^^^

warning: function `parse_digits` is never used
   --> crates/zeppelin-embed/src/fts/tokenizer/numbers.rs:320:15
    |
320 | pub(crate) fn parse_digits(term: &str) -> Option<u64> {
    |               ^^^^^^^^^^^^

warning: function `segment` is never used
  --> crates/zeppelin-embed/src/fts/tokenizer/segment.rs:65:15
   |
65 | pub(crate) fn segment(text: &str) -> Vec<Span> {
   |               ^^^^^^^

warning: function `ideograph_bigrams` is never used
   --> crates/zeppelin-embed/src/fts/tokenizer/segment.rs:181:15
    |
181 | pub(crate) fn ideograph_bigrams(text: &str, span: Span) -> Vec<Span> {
    |               ^^^^^^^^^^^^^^^^^

warning: function `regions` is never used
  --> crates/zeppelin-embed/src/fts/tokenizer/stemmer.rs:67:4
   |
67 | fn regions(word: &[char]) -> (usize, usize) {
   |    ^^^^^^^

warning: function `region_after` is never used
  --> crates/zeppelin-embed/src/fts/tokenizer/stemmer.rs:86:4
   |
86 | fn region_after(word: &[char], from: usize) -> usize {
   |    ^^^^^^^^^^^^

warning: function `stem` is never used
   --> crates/zeppelin-embed/src/fts/tokenizer/stemmer.rs:200:15
    |
200 | pub(crate) fn stem(term: &str) -> String {
    |               ^^^^

warning: function `restore_y` is never used
   --> crates/zeppelin-embed/src/fts/tokenizer/stemmer.rs:430:4
    |
430 | fn restore_y(word: &[char]) -> String {
    |    ^^^^^^^^^

warning: function `step_1a` is never used
   --> crates/zeppelin-embed/src/fts/tokenizer/stemmer.rs:446:4
    |
446 | fn step_1a(word: &mut Vec<char>) {
    |    ^^^^^^^

warning: function `step_1b` is never used
   --> crates/zeppelin-embed/src/fts/tokenizer/stemmer.rs:473:4
    |
473 | fn step_1b(word: &mut Vec<char>, r1: usize) {
    |    ^^^^^^^

warning: struct `TreeTraceReservation` is never constructed
   --> crates/zeppelin-embed/src/property_graph/storage/tree/directory.rs:115:19
    |
115 | pub(crate) struct TreeTraceReservation<'a> {
    |                   ^^^^^^^^^^^^^^^^^^^^

warning: method `require` is never used
   --> crates/zeppelin-embed/src/property_graph/storage/tree/directory.rs:120:19
    |
119 | impl TreeTraceReservation<'_> {
    | ----------------------------- method in this implementation
120 |     pub(crate) fn require(&self, resources: &TreeResources<'_>) -> Result<(), TreeError> {
    |                   ^^^^^^^

warning: method `reserve_trace` is never used
   --> crates/zeppelin-embed/src/property_graph/storage/tree/directory.rs:314:19
    |
226 | impl<'a> TreeResources<'a> {
    | -------------------------- method in this implementation
...
314 |     pub(crate) fn reserve_trace(
    |                   ^^^^^^^^^^^^^

warning: function `trace_page` is never used
   --> crates/zeppelin-embed/src/property_graph/storage/tree/directory.rs:639:15
    |
639 | pub(crate) fn trace_page<'s>(
    |               ^^^^^^^^^^

warning: method `physical_reference_at` is never used
   --> crates/zeppelin-embed/src/property_graph/storage/payload.rs:205:19
    |
 27 | impl PayloadRef {
    | --------------- method in this implementation
...
205 |     pub(crate) fn physical_reference_at(
    |                   ^^^^^^^^^^^^^^^^^^^^^

warning: struct `PreparedSparseCheckpoint` is never constructed
  --> crates/zeppelin-embed/src/property_graph/storage/search/checkpoint.rs:30:19
   |
30 | pub(crate) struct PreparedSparseCheckpoint {
   |                   ^^^^^^^^^^^^^^^^^^^^^^^^

warning: method `finalize` is never used
  --> crates/zeppelin-embed/src/property_graph/storage/search/checkpoint.rs:35:19
   |
34 | impl PreparedSparseCheckpoint {
   | ----------------------------- method in this implementation
35 |     pub(crate) fn finalize(&self, inventory: &[InventoryChange]) -> Result<SparseRoots, TreeError> {
   |                   ^^^^^^^^

warning: function `prepare_sparse_checkpoint` is never used
  --> crates/zeppelin-embed/src/property_graph/storage/search/checkpoint.rs:70:15
   |
70 | pub(crate) fn prepare_sparse_checkpoint<'m, S: BlockSink, C: RecordCatalog<S>>(
   |               ^^^^^^^^^^^^^^^^^^^^^^^^^

warning: function `validate_target_origin` is never used
   --> crates/zeppelin-embed/src/property_graph/storage/search/checkpoint.rs:190:4
    |
190 | fn validate_target_origin<S: BlockSource, C: RecordCatalog<S>>(
    |    ^^^^^^^^^^^^^^^^^^^^^^

warning: function `validate_replay_transition` is never used
   --> crates/zeppelin-embed/src/property_graph/storage/search/checkpoint.rs:241:15
    |
241 | pub(crate) fn validate_replay_transition<'a, 'm, S: BlockSource, C: RecordCatalog<S>>(
    |               ^^^^^^^^^^^^^^^^^^^^^^^^^^

warning: methods `generation` and `sequence` are never used
  --> crates/zeppelin-embed/src/property_graph/storage/search/prepare.rs:75:25
   |
74 | impl PreparedSparseCandidate<'_> {
   | -------------------------------- methods in this implementation
75 |     pub(crate) const fn generation(&self) -> GraphGeneration {
   |                         ^^^^^^^^^^
...
78 |     pub(crate) const fn sequence(&self) -> u64 {
   |                         ^^^^^^^^

warning: struct `SearchTraceResult` is never constructed
  --> crates/zeppelin-embed/src/property_graph/storage/search/trace.rs:23:19
   |
23 | pub(crate) struct SearchTraceResult {
   |                   ^^^^^^^^^^^^^^^^^

warning: struct `Bound` is never constructed
  --> crates/zeppelin-embed/src/property_graph/storage/search/trace.rs:29:8
   |
29 | struct Bound {
   |        ^^^^^

warning: associated items `from_key` and `key` are never used
  --> crates/zeppelin-embed/src/property_graph/storage/search/trace.rs:35:8
   |
34 | impl Bound {
   | ---------- associated items in this implementation
35 |     fn from_key(key: Key<'_>, width: usize) -> Result<Self, TreeError> {
   |        ^^^^^^^^
...
53 |     fn key(&self) -> Result<Key<'_>, TreeError> {
   |        ^^^

warning: struct `PageFrame` is never constructed
  --> crates/zeppelin-embed/src/property_graph/storage/search/trace.rs:63:8
   |
63 | struct PageFrame {
   |        ^^^^^^^^^

warning: enum `DirectoryFamily` is never used
  --> crates/zeppelin-embed/src/property_graph/storage/search/trace.rs:74:6
   |
74 | enum DirectoryFamily {
   |      ^^^^^^^^^^^^^^^

warning: struct `DirectoryWalk` is never constructed
  --> crates/zeppelin-embed/src/property_graph/storage/search/trace.rs:79:8
   |
79 | struct DirectoryWalk {
   |        ^^^^^^^^^^^^^

warning: enum `DirectoryEvent` is never used
  --> crates/zeppelin-embed/src/property_graph/storage/search/trace.rs:91:6
   |
91 | enum DirectoryEvent {
   |      ^^^^^^^^^^^^^^

warning: associated items `new`, `width`, and `next` are never used
   --> crates/zeppelin-embed/src/property_graph/storage/search/trace.rs:103:8
    |
 98 | impl DirectoryWalk {
    | ------------------ associated items in this implementation
...
103 |     fn new(
    |        ^^^
...
142 |     fn width(&self) -> usize {
    |        ^^^^^
...
149 |     fn next<S: BlockSource>(
    |        ^^^^

warning: struct `PayloadState` is never constructed
   --> crates/zeppelin-embed/src/property_graph/storage/search/trace.rs:315:8
    |
315 | struct PayloadState {
    |        ^^^^^^^^^^^^

warning: struct `SourceState` is never constructed
   --> crates/zeppelin-embed/src/property_graph/storage/search/trace.rs:323:8
    |
323 | struct SourceState {
    |        ^^^^^^^^^^^

warning: struct `SearchTraceCursor` is never constructed
   --> crates/zeppelin-embed/src/property_graph/storage/search/trace.rs:337:19
    |
337 | pub(crate) struct SearchTraceCursor<'s, 'm, S, C> {
    |                   ^^^^^^^^^^^^^^^^^

warning: associated function `for_preparation` is never used
   --> crates/zeppelin-embed/src/property_graph/storage/search/trace.rs:374:19
    |
366 | / impl<'s, 'lease, 'm>
367 | |     SearchTraceCursor<
368 | |         's,
369 | |         'm,
370 | |         NativePreparationSource<'lease, 'm>,
371 | |         NativePreparationCatalog<'s, 'lease, 'm>,
372 | |     >
    | |_____- associated function in this implementation
373 |   {
374 |       pub(crate) fn for_preparation(
    |                     ^^^^^^^^^^^^^^^

warning: associated items `open_checked`, `modality`, `schedule_payload`, `next_reference`, and `trace` are never used
   --> crates/zeppelin-embed/src/property_graph/storage/search/trace.rs:407:8
    |
402 | impl<'s, 'm, S: BlockSource, C: RecordCatalog<S>> SearchTraceCursor<'s, 'm, S, C> {
    | --------------------------------------------------------------------------------- associated items in this implementation
...
407 |     fn open_checked(
    |        ^^^^^^^^^^^^
...
502 |     fn modality(&self) -> Result<Modality, TreeError> {
    |        ^^^^^^^^
...
510 |     fn schedule_payload(&mut self, payload: PayloadRef, generation: GraphGeneration) {
    |        ^^^^^^^^^^^^^^^^
...
519 |     fn next_reference(
    |        ^^^^^^^^^^^^^^
...
824 |     pub(crate) fn trace(
    |                   ^^^^^

warning: method `sealed` is never used
   --> crates/zeppelin-embed/src/property_graph/storage/search/view.rs:197:8
    |
188 | impl SparseLexical<'_> {
    | ---------------------- method in this implementation
...
197 |     fn sealed(&self) -> &SealedSegment {
    |        ^^^^^^

warning: function `decode_lexical_prepare` is never used
   --> crates/zeppelin-embed/src/property_graph/storage/search/view.rs:232:15
    |
232 | pub(super) fn decode_lexical_prepare<'m, S: BlockSource>(
    |               ^^^^^^^^^^^^^^^^^^^^^^

warning: fields `revision`, `row`, `analyzed_length`, and `vector` are never read
   --> crates/zeppelin-embed/src/property_graph/storage/search/view.rs:255:16
    |
253 | pub(crate) struct SparseMember<'a, S: BlockSource> {
    |                   ------------ fields in this struct
254 |     pub(crate) node: NodeId,
255 |     pub(crate) revision: u64,
    |                ^^^^^^^^
256 |     pub(crate) row: u32,
    |                ^^^
257 |     pub(crate) analyzed_length: u32,
    |                ^^^^^^^^^^^^^^^
258 |     pub(crate) vector: Option<StoredVector<'a, S>>,
    |                ^^^^^^

warning: struct `SparseSources` is never constructed
   --> crates/zeppelin-embed/src/property_graph/storage/search/view.rs:262:19
    |
262 | pub(crate) struct SparseSources<'v, 'a, 'm, 'r, S, C> {
    |                   ^^^^^^^^^^^^^

warning: struct `SparseSource` is never constructed
   --> crates/zeppelin-embed/src/property_graph/storage/search/view.rs:271:19
    |
271 | pub(crate) struct SparseSource<'v, 'a, 'm, S, C> {
    |                   ^^^^^^^^^^^^

warning: field `catalog_required` is never read
   --> crates/zeppelin-embed/src/property_graph/storage/search/view.rs:290:5
    |
283 | pub(crate) struct SparseView<'a, 'm, S, C> {
    |                   ---------- field in this struct
...
290 |     catalog_required: RequiredRef,
    |     ^^^^^^^^^^^^^^^^

warning: multiple methods are never used
   --> crates/zeppelin-embed/src/property_graph/storage/search/view.rs:487:25
    |
339 | impl<'a, 'm, S: BlockSource, C: RecordCatalog<S>> SparseView<'a, 'm, S, C> {
    | -------------------------------------------------------------------------- methods in this implementation
...
487 |     pub(crate) const fn text_count(&self) -> u64 {
    |                         ^^^^^^^^^^
...
493 |     pub(crate) const fn vector_count(&self) -> u64 {
    |                         ^^^^^^^^^^^^
...
499 |     pub(crate) const fn text_length(&self) -> u64 {
    |                         ^^^^^^^^^^^
...
517 |     pub(crate) const fn interpretation_catalog(&self) -> RequiredRef {
    |                         ^^^^^^^^^^^^^^^^^^^^^^
...
523 |     pub(super) const fn root_state(&self, modality: Modality) -> Option<SparseRootState> {
    |                         ^^^^^^^^^^
...
543 |     fn descriptor(&self, modality: Modality) -> Option<RootDescriptor> {
    |        ^^^^^^^^^^
...
623 |     pub(crate) fn sources<'v, 'r>(
    |                   ^^^^^^^

warning: methods `next` and `next_inner` are never used
   --> crates/zeppelin-embed/src/property_graph/storage/search/view.rs:972:19
    |
971 | impl<'v, 'a, 'm, 'r, S: BlockSource, C: RecordCatalog<S>> SparseSources<'v, 'a, 'm, 'r, S, C> {
    | --------------------------------------------------------------------------------------------- methods in this implementation
972 |     pub(crate) fn next(
    |                   ^^^^
...
986 |     fn next_inner(
    |        ^^^^^^^^^^

warning: methods `row_count`, `live_bit`, `is_live`, `resolve_row`, and `lexical` are never used
    --> crates/zeppelin-embed/src/property_graph/storage/search/view.rs:1141:25
     |
1140 | impl<'v, 'a, 'm, S: BlockSource, C: RecordCatalog<S>> SparseSource<'v, 'a, 'm, S, C> {
     | ------------------------------------------------------------------------------------ methods in this implementation
1141 |     pub(crate) const fn row_count(&self) -> u32 {
     |                         ^^^^^^^^^
...
1145 |     fn live_bit(&self, row: u32, resources: &mut TreeResources<'_>) -> Result<bool, TreeError> {
     |        ^^^^^^^^
...
1164 |     pub(crate) fn is_live(
     |                   ^^^^^^^
...
1173 |     pub(crate) fn resolve_row(
     |                   ^^^^^^^^^^^
...
1236 |     pub(crate) fn lexical(
     |                   ^^^^^^^

warning: `zeppelin-embed` (lib) generated 50 warnings (run `cargo fix --lib -p zeppelin-embed` to apply 3 suggestions)
    Finished `dev` profile [unoptimized + debuginfo] target(s) in 1.26s
$ cargo check -p zeppelin-embed --lib -j 4 --features graph-cypher,test-support
    Checking zeppelin-embed v0.4.2 (/Users/aghatage/Documents/code/zeppelin-embed-wt-ze-154/crates/zeppelin-embed)
warning: unused imports: `prepare_sparse_checkpoint` and `validate_replay_transition`
  --> crates/zeppelin-embed/src/property_graph/storage/search.rs:10:23
   |
10 |     SparseCheckpoint, prepare_sparse_checkpoint, validate_checkpoint,
   |                       ^^^^^^^^^^^^^^^^^^^^^^^^^
11 |     validate_persisted_replay_transition, validate_replay_transition,
   |                                           ^^^^^^^^^^^^^^^^^^^^^^^^^^
   |
   = note: `#[warn(unused_imports)]` (part of `#[warn(unused)]`) on by default

warning: unused imports: `SearchTraceCursor` and `SearchTraceResult`
  --> crates/zeppelin-embed/src/property_graph/storage/search.rs:15:24
   |
15 | pub(crate) use trace::{SearchTraceCursor, SearchTraceResult};
   |                        ^^^^^^^^^^^^^^^^^  ^^^^^^^^^^^^^^^^^

warning: unused imports: `SparseMember`, `SparseSource`, and `SparseSources`
  --> crates/zeppelin-embed/src/property_graph/storage/search.rs:16:23
   |
16 | pub(crate) use view::{SparseMember, SparseSource, SparseSources, SparseView};
   |                       ^^^^^^^^^^^^  ^^^^^^^^^^^^  ^^^^^^^^^^^^^

warning: function `fold_char` is never used
  --> crates/zeppelin-embed/src/fts/tokenizer/fold.rs:96:15
   |
96 | pub(crate) fn fold_char(value: char, output: &mut String) {
   |               ^^^^^^^^^
   |
   = note: `#[warn(dead_code)]` (part of `#[warn(unused)]`) on by default

warning: function `fold` is never used
   --> crates/zeppelin-embed/src/fts/tokenizer/fold.rs:111:15
    |
111 | pub(crate) fn fold(input: &str) -> String {
    |               ^^^^

warning: function `compose` is never used
   --> crates/zeppelin-embed/src/fts/tokenizer/numbers.rs:102:15
    |
102 | pub(crate) fn compose(words: &[NumberWord]) -> Option<u64> {
    |               ^^^^^^^

warning: function `spell_joined` is never used
   --> crates/zeppelin-embed/src/fts/tokenizer/numbers.rs:176:15
    |
176 | pub(crate) fn spell_joined(value: u64) -> Option<String> {
    |               ^^^^^^^^^^^^

warning: function `spell_into` is never used
   --> crates/zeppelin-embed/src/fts/tokenizer/numbers.rs:289:4
    |
289 | fn spell_into(value: u64, out: &mut String) -> Option<()> {
    |    ^^^^^^^^^^

warning: function `parse_digits` is never used
   --> crates/zeppelin-embed/src/fts/tokenizer/numbers.rs:320:15
    |
320 | pub(crate) fn parse_digits(term: &str) -> Option<u64> {
    |               ^^^^^^^^^^^^

warning: function `segment` is never used
  --> crates/zeppelin-embed/src/fts/tokenizer/segment.rs:65:15
   |
65 | pub(crate) fn segment(text: &str) -> Vec<Span> {
   |               ^^^^^^^

warning: function `ideograph_bigrams` is never used
   --> crates/zeppelin-embed/src/fts/tokenizer/segment.rs:181:15
    |
181 | pub(crate) fn ideograph_bigrams(text: &str, span: Span) -> Vec<Span> {
    |               ^^^^^^^^^^^^^^^^^

warning: function `regions` is never used
  --> crates/zeppelin-embed/src/fts/tokenizer/stemmer.rs:67:4
   |
67 | fn regions(word: &[char]) -> (usize, usize) {
   |    ^^^^^^^

warning: function `region_after` is never used
  --> crates/zeppelin-embed/src/fts/tokenizer/stemmer.rs:86:4
   |
86 | fn region_after(word: &[char], from: usize) -> usize {
   |    ^^^^^^^^^^^^

warning: function `stem` is never used
   --> crates/zeppelin-embed/src/fts/tokenizer/stemmer.rs:200:15
    |
200 | pub(crate) fn stem(term: &str) -> String {
    |               ^^^^

warning: function `restore_y` is never used
   --> crates/zeppelin-embed/src/fts/tokenizer/stemmer.rs:430:4
    |
430 | fn restore_y(word: &[char]) -> String {
    |    ^^^^^^^^^

warning: function `step_1a` is never used
   --> crates/zeppelin-embed/src/fts/tokenizer/stemmer.rs:446:4
    |
446 | fn step_1a(word: &mut Vec<char>) {
    |    ^^^^^^^

warning: function `step_1b` is never used
   --> crates/zeppelin-embed/src/fts/tokenizer/stemmer.rs:473:4
    |
473 | fn step_1b(word: &mut Vec<char>, r1: usize) {
    |    ^^^^^^^

warning: struct `TreeTraceReservation` is never constructed
   --> crates/zeppelin-embed/src/property_graph/storage/tree/directory.rs:115:19
    |
115 | pub(crate) struct TreeTraceReservation<'a> {
    |                   ^^^^^^^^^^^^^^^^^^^^

warning: method `require` is never used
   --> crates/zeppelin-embed/src/property_graph/storage/tree/directory.rs:120:19
    |
119 | impl TreeTraceReservation<'_> {
    | ----------------------------- method in this implementation
120 |     pub(crate) fn require(&self, resources: &TreeResources<'_>) -> Result<(), TreeError> {
    |                   ^^^^^^^

warning: method `reserve_trace` is never used
   --> crates/zeppelin-embed/src/property_graph/storage/tree/directory.rs:314:19
    |
226 | impl<'a> TreeResources<'a> {
    | -------------------------- method in this implementation
...
314 |     pub(crate) fn reserve_trace(
    |                   ^^^^^^^^^^^^^

warning: function `trace_page` is never used
   --> crates/zeppelin-embed/src/property_graph/storage/tree/directory.rs:639:15
    |
639 | pub(crate) fn trace_page<'s>(
    |               ^^^^^^^^^^

warning: method `physical_reference_at` is never used
   --> crates/zeppelin-embed/src/property_graph/storage/payload.rs:205:19
    |
 27 | impl PayloadRef {
    | --------------- method in this implementation
...
205 |     pub(crate) fn physical_reference_at(
    |                   ^^^^^^^^^^^^^^^^^^^^^

warning: struct `PreparedSparseCheckpoint` is never constructed
  --> crates/zeppelin-embed/src/property_graph/storage/search/checkpoint.rs:30:19
   |
30 | pub(crate) struct PreparedSparseCheckpoint {
   |                   ^^^^^^^^^^^^^^^^^^^^^^^^

warning: method `finalize` is never used
  --> crates/zeppelin-embed/src/property_graph/storage/search/checkpoint.rs:35:19
   |
34 | impl PreparedSparseCheckpoint {
   | ----------------------------- method in this implementation
35 |     pub(crate) fn finalize(&self, inventory: &[InventoryChange]) -> Result<SparseRoots, TreeError> {
   |                   ^^^^^^^^

warning: function `prepare_sparse_checkpoint` is never used
  --> crates/zeppelin-embed/src/property_graph/storage/search/checkpoint.rs:70:15
   |
70 | pub(crate) fn prepare_sparse_checkpoint<'m, S: BlockSink, C: RecordCatalog<S>>(
   |               ^^^^^^^^^^^^^^^^^^^^^^^^^

warning: function `validate_target_origin` is never used
   --> crates/zeppelin-embed/src/property_graph/storage/search/checkpoint.rs:190:4
    |
190 | fn validate_target_origin<S: BlockSource, C: RecordCatalog<S>>(
    |    ^^^^^^^^^^^^^^^^^^^^^^

warning: function `validate_replay_transition` is never used
   --> crates/zeppelin-embed/src/property_graph/storage/search/checkpoint.rs:241:15
    |
241 | pub(crate) fn validate_replay_transition<'a, 'm, S: BlockSource, C: RecordCatalog<S>>(
    |               ^^^^^^^^^^^^^^^^^^^^^^^^^^

warning: methods `generation` and `sequence` are never used
  --> crates/zeppelin-embed/src/property_graph/storage/search/prepare.rs:75:25
   |
74 | impl PreparedSparseCandidate<'_> {
   | -------------------------------- methods in this implementation
75 |     pub(crate) const fn generation(&self) -> GraphGeneration {
   |                         ^^^^^^^^^^
...
78 |     pub(crate) const fn sequence(&self) -> u64 {
   |                         ^^^^^^^^

warning: struct `SearchTraceResult` is never constructed
  --> crates/zeppelin-embed/src/property_graph/storage/search/trace.rs:23:19
   |
23 | pub(crate) struct SearchTraceResult {
   |                   ^^^^^^^^^^^^^^^^^

warning: struct `Bound` is never constructed
  --> crates/zeppelin-embed/src/property_graph/storage/search/trace.rs:29:8
   |
29 | struct Bound {
   |        ^^^^^

warning: associated items `from_key` and `key` are never used
  --> crates/zeppelin-embed/src/property_graph/storage/search/trace.rs:35:8
   |
34 | impl Bound {
   | ---------- associated items in this implementation
35 |     fn from_key(key: Key<'_>, width: usize) -> Result<Self, TreeError> {
   |        ^^^^^^^^
...
53 |     fn key(&self) -> Result<Key<'_>, TreeError> {
   |        ^^^

warning: struct `PageFrame` is never constructed
  --> crates/zeppelin-embed/src/property_graph/storage/search/trace.rs:63:8
   |
63 | struct PageFrame {
   |        ^^^^^^^^^

warning: enum `DirectoryFamily` is never used
  --> crates/zeppelin-embed/src/property_graph/storage/search/trace.rs:74:6
   |
74 | enum DirectoryFamily {
   |      ^^^^^^^^^^^^^^^

warning: struct `DirectoryWalk` is never constructed
  --> crates/zeppelin-embed/src/property_graph/storage/search/trace.rs:79:8
   |
79 | struct DirectoryWalk {
   |        ^^^^^^^^^^^^^

warning: enum `DirectoryEvent` is never used
  --> crates/zeppelin-embed/src/property_graph/storage/search/trace.rs:91:6
   |
91 | enum DirectoryEvent {
   |      ^^^^^^^^^^^^^^

warning: associated items `new`, `width`, and `next` are never used
   --> crates/zeppelin-embed/src/property_graph/storage/search/trace.rs:103:8
    |
 98 | impl DirectoryWalk {
    | ------------------ associated items in this implementation
...
103 |     fn new(
    |        ^^^
...
142 |     fn width(&self) -> usize {
    |        ^^^^^
...
149 |     fn next<S: BlockSource>(
    |        ^^^^

warning: struct `PayloadState` is never constructed
   --> crates/zeppelin-embed/src/property_graph/storage/search/trace.rs:315:8
    |
315 | struct PayloadState {
    |        ^^^^^^^^^^^^

warning: struct `SourceState` is never constructed
   --> crates/zeppelin-embed/src/property_graph/storage/search/trace.rs:323:8
    |
323 | struct SourceState {
    |        ^^^^^^^^^^^

warning: struct `SearchTraceCursor` is never constructed
   --> crates/zeppelin-embed/src/property_graph/storage/search/trace.rs:337:19
    |
337 | pub(crate) struct SearchTraceCursor<'s, 'm, S, C> {
    |                   ^^^^^^^^^^^^^^^^^

warning: associated function `for_preparation` is never used
   --> crates/zeppelin-embed/src/property_graph/storage/search/trace.rs:374:19
    |
366 | / impl<'s, 'lease, 'm>
367 | |     SearchTraceCursor<
368 | |         's,
369 | |         'm,
370 | |         NativePreparationSource<'lease, 'm>,
371 | |         NativePreparationCatalog<'s, 'lease, 'm>,
372 | |     >
    | |_____- associated function in this implementation
373 |   {
374 |       pub(crate) fn for_preparation(
    |                     ^^^^^^^^^^^^^^^

warning: associated items `open_checked`, `modality`, `schedule_payload`, `next_reference`, and `trace` are never used
   --> crates/zeppelin-embed/src/property_graph/storage/search/trace.rs:407:8
    |
402 | impl<'s, 'm, S: BlockSource, C: RecordCatalog<S>> SearchTraceCursor<'s, 'm, S, C> {
    | --------------------------------------------------------------------------------- associated items in this implementation
...
407 |     fn open_checked(
    |        ^^^^^^^^^^^^
...
502 |     fn modality(&self) -> Result<Modality, TreeError> {
    |        ^^^^^^^^
...
510 |     fn schedule_payload(&mut self, payload: PayloadRef, generation: GraphGeneration) {
    |        ^^^^^^^^^^^^^^^^
...
519 |     fn next_reference(
    |        ^^^^^^^^^^^^^^
...
824 |     pub(crate) fn trace(
    |                   ^^^^^

warning: method `sealed` is never used
   --> crates/zeppelin-embed/src/property_graph/storage/search/view.rs:197:8
    |
188 | impl SparseLexical<'_> {
    | ---------------------- method in this implementation
...
197 |     fn sealed(&self) -> &SealedSegment {
    |        ^^^^^^

warning: function `decode_lexical_prepare` is never used
   --> crates/zeppelin-embed/src/property_graph/storage/search/view.rs:232:15
    |
232 | pub(super) fn decode_lexical_prepare<'m, S: BlockSource>(
    |               ^^^^^^^^^^^^^^^^^^^^^^

warning: fields `revision`, `row`, and `analyzed_length` are never read
   --> crates/zeppelin-embed/src/property_graph/storage/search/view.rs:255:16
    |
253 | pub(crate) struct SparseMember<'a, S: BlockSource> {
    |                   ------------ fields in this struct
254 |     pub(crate) node: NodeId,
255 |     pub(crate) revision: u64,
    |                ^^^^^^^^
256 |     pub(crate) row: u32,
    |                ^^^
257 |     pub(crate) analyzed_length: u32,
    |                ^^^^^^^^^^^^^^^

warning: struct `SparseSources` is never constructed
   --> crates/zeppelin-embed/src/property_graph/storage/search/view.rs:262:19
    |
262 | pub(crate) struct SparseSources<'v, 'a, 'm, 'r, S, C> {
    |                   ^^^^^^^^^^^^^

warning: struct `SparseSource` is never constructed
   --> crates/zeppelin-embed/src/property_graph/storage/search/view.rs:271:19
    |
271 | pub(crate) struct SparseSource<'v, 'a, 'm, S, C> {
    |                   ^^^^^^^^^^^^

warning: field `catalog_required` is never read
   --> crates/zeppelin-embed/src/property_graph/storage/search/view.rs:290:5
    |
283 | pub(crate) struct SparseView<'a, 'm, S, C> {
    |                   ---------- field in this struct
...
290 |     catalog_required: RequiredRef,
    |     ^^^^^^^^^^^^^^^^

warning: methods `text_length`, `interpretation_catalog`, `root_state`, `descriptor`, and `sources` are never used
   --> crates/zeppelin-embed/src/property_graph/storage/search/view.rs:499:25
    |
339 | impl<'a, 'm, S: BlockSource, C: RecordCatalog<S>> SparseView<'a, 'm, S, C> {
    | -------------------------------------------------------------------------- methods in this implementation
...
499 |     pub(crate) const fn text_length(&self) -> u64 {
    |                         ^^^^^^^^^^^
...
517 |     pub(crate) const fn interpretation_catalog(&self) -> RequiredRef {
    |                         ^^^^^^^^^^^^^^^^^^^^^^
...
523 |     pub(super) const fn root_state(&self, modality: Modality) -> Option<SparseRootState> {
    |                         ^^^^^^^^^^
...
543 |     fn descriptor(&self, modality: Modality) -> Option<RootDescriptor> {
    |        ^^^^^^^^^^
...
623 |     pub(crate) fn sources<'v, 'r>(
    |                   ^^^^^^^

warning: methods `next` and `next_inner` are never used
   --> crates/zeppelin-embed/src/property_graph/storage/search/view.rs:972:19
    |
971 | impl<'v, 'a, 'm, 'r, S: BlockSource, C: RecordCatalog<S>> SparseSources<'v, 'a, 'm, 'r, S, C> {
    | --------------------------------------------------------------------------------------------- methods in this implementation
972 |     pub(crate) fn next(
    |                   ^^^^
...
986 |     fn next_inner(
    |        ^^^^^^^^^^

warning: methods `row_count`, `live_bit`, `is_live`, `resolve_row`, and `lexical` are never used
    --> crates/zeppelin-embed/src/property_graph/storage/search/view.rs:1141:25
     |
1140 | impl<'v, 'a, 'm, S: BlockSource, C: RecordCatalog<S>> SparseSource<'v, 'a, 'm, S, C> {
     | ------------------------------------------------------------------------------------ methods in this implementation
1141 |     pub(crate) const fn row_count(&self) -> u32 {
     |                         ^^^^^^^^^
...
1145 |     fn live_bit(&self, row: u32, resources: &mut TreeResources<'_>) -> Result<bool, TreeError> {
     |        ^^^^^^^^
...
1164 |     pub(crate) fn is_live(
     |                   ^^^^^^^
...
1173 |     pub(crate) fn resolve_row(
     |                   ^^^^^^^^^^^
...
1236 |     pub(crate) fn lexical(
     |                   ^^^^^^^

warning: `zeppelin-embed` (lib) generated 50 warnings (run `cargo fix --lib -p zeppelin-embed` to apply 3 suggestions)
    Finished `dev` profile [unoptimized + debuginfo] target(s) in 4.86s
$ cargo check -p zeppelin-embed --lib -j 4 --features graph-cypher,allocation-audit,query-timing
    Checking zeppelin-embed v0.4.2 (/Users/aghatage/Documents/code/zeppelin-embed-wt-ze-154/crates/zeppelin-embed)
warning: unused imports: `prepare_sparse_checkpoint` and `validate_replay_transition`
  --> crates/zeppelin-embed/src/property_graph/storage/search.rs:10:23
   |
10 |     SparseCheckpoint, prepare_sparse_checkpoint, validate_checkpoint,
   |                       ^^^^^^^^^^^^^^^^^^^^^^^^^
11 |     validate_persisted_replay_transition, validate_replay_transition,
   |                                           ^^^^^^^^^^^^^^^^^^^^^^^^^^
   |
   = note: `#[warn(unused_imports)]` (part of `#[warn(unused)]`) on by default

warning: unused imports: `SearchTraceCursor` and `SearchTraceResult`
  --> crates/zeppelin-embed/src/property_graph/storage/search.rs:15:24
   |
15 | pub(crate) use trace::{SearchTraceCursor, SearchTraceResult};
   |                        ^^^^^^^^^^^^^^^^^  ^^^^^^^^^^^^^^^^^

warning: unused imports: `SparseMember`, `SparseSource`, and `SparseSources`
  --> crates/zeppelin-embed/src/property_graph/storage/search.rs:16:23
   |
16 | pub(crate) use view::{SparseMember, SparseSource, SparseSources, SparseView};
   |                       ^^^^^^^^^^^^  ^^^^^^^^^^^^  ^^^^^^^^^^^^^

warning: function `fold_char` is never used
  --> crates/zeppelin-embed/src/fts/tokenizer/fold.rs:96:15
   |
96 | pub(crate) fn fold_char(value: char, output: &mut String) {
   |               ^^^^^^^^^
   |
   = note: `#[warn(dead_code)]` (part of `#[warn(unused)]`) on by default

warning: function `fold` is never used
   --> crates/zeppelin-embed/src/fts/tokenizer/fold.rs:111:15
    |
111 | pub(crate) fn fold(input: &str) -> String {
    |               ^^^^

warning: function `compose` is never used
   --> crates/zeppelin-embed/src/fts/tokenizer/numbers.rs:102:15
    |
102 | pub(crate) fn compose(words: &[NumberWord]) -> Option<u64> {
    |               ^^^^^^^

warning: function `spell_joined` is never used
   --> crates/zeppelin-embed/src/fts/tokenizer/numbers.rs:176:15
    |
176 | pub(crate) fn spell_joined(value: u64) -> Option<String> {
    |               ^^^^^^^^^^^^

warning: function `spell_into` is never used
   --> crates/zeppelin-embed/src/fts/tokenizer/numbers.rs:289:4
    |
289 | fn spell_into(value: u64, out: &mut String) -> Option<()> {
    |    ^^^^^^^^^^

warning: function `parse_digits` is never used
   --> crates/zeppelin-embed/src/fts/tokenizer/numbers.rs:320:15
    |
320 | pub(crate) fn parse_digits(term: &str) -> Option<u64> {
    |               ^^^^^^^^^^^^

warning: function `segment` is never used
  --> crates/zeppelin-embed/src/fts/tokenizer/segment.rs:65:15
   |
65 | pub(crate) fn segment(text: &str) -> Vec<Span> {
   |               ^^^^^^^

warning: function `ideograph_bigrams` is never used
   --> crates/zeppelin-embed/src/fts/tokenizer/segment.rs:181:15
    |
181 | pub(crate) fn ideograph_bigrams(text: &str, span: Span) -> Vec<Span> {
    |               ^^^^^^^^^^^^^^^^^

warning: function `regions` is never used
  --> crates/zeppelin-embed/src/fts/tokenizer/stemmer.rs:67:4
   |
67 | fn regions(word: &[char]) -> (usize, usize) {
   |    ^^^^^^^

warning: function `region_after` is never used
  --> crates/zeppelin-embed/src/fts/tokenizer/stemmer.rs:86:4
   |
86 | fn region_after(word: &[char], from: usize) -> usize {
   |    ^^^^^^^^^^^^

warning: function `stem` is never used
   --> crates/zeppelin-embed/src/fts/tokenizer/stemmer.rs:200:15
    |
200 | pub(crate) fn stem(term: &str) -> String {
    |               ^^^^

warning: function `restore_y` is never used
   --> crates/zeppelin-embed/src/fts/tokenizer/stemmer.rs:430:4
    |
430 | fn restore_y(word: &[char]) -> String {
    |    ^^^^^^^^^

warning: function `step_1a` is never used
   --> crates/zeppelin-embed/src/fts/tokenizer/stemmer.rs:446:4
    |
446 | fn step_1a(word: &mut Vec<char>) {
    |    ^^^^^^^

warning: function `step_1b` is never used
   --> crates/zeppelin-embed/src/fts/tokenizer/stemmer.rs:473:4
    |
473 | fn step_1b(word: &mut Vec<char>, r1: usize) {
    |    ^^^^^^^

warning: struct `TreeTraceReservation` is never constructed
   --> crates/zeppelin-embed/src/property_graph/storage/tree/directory.rs:115:19
    |
115 | pub(crate) struct TreeTraceReservation<'a> {
    |                   ^^^^^^^^^^^^^^^^^^^^

warning: method `require` is never used
   --> crates/zeppelin-embed/src/property_graph/storage/tree/directory.rs:120:19
    |
119 | impl TreeTraceReservation<'_> {
    | ----------------------------- method in this implementation
120 |     pub(crate) fn require(&self, resources: &TreeResources<'_>) -> Result<(), TreeError> {
    |                   ^^^^^^^

warning: method `reserve_trace` is never used
   --> crates/zeppelin-embed/src/property_graph/storage/tree/directory.rs:314:19
    |
226 | impl<'a> TreeResources<'a> {
    | -------------------------- method in this implementation
...
314 |     pub(crate) fn reserve_trace(
    |                   ^^^^^^^^^^^^^

warning: function `trace_page` is never used
   --> crates/zeppelin-embed/src/property_graph/storage/tree/directory.rs:639:15
    |
639 | pub(crate) fn trace_page<'s>(
    |               ^^^^^^^^^^

warning: method `physical_reference_at` is never used
   --> crates/zeppelin-embed/src/property_graph/storage/payload.rs:205:19
    |
 27 | impl PayloadRef {
    | --------------- method in this implementation
...
205 |     pub(crate) fn physical_reference_at(
    |                   ^^^^^^^^^^^^^^^^^^^^^

warning: struct `PreparedSparseCheckpoint` is never constructed
  --> crates/zeppelin-embed/src/property_graph/storage/search/checkpoint.rs:30:19
   |
30 | pub(crate) struct PreparedSparseCheckpoint {
   |                   ^^^^^^^^^^^^^^^^^^^^^^^^

warning: method `finalize` is never used
  --> crates/zeppelin-embed/src/property_graph/storage/search/checkpoint.rs:35:19
   |
34 | impl PreparedSparseCheckpoint {
   | ----------------------------- method in this implementation
35 |     pub(crate) fn finalize(&self, inventory: &[InventoryChange]) -> Result<SparseRoots, TreeError> {
   |                   ^^^^^^^^

warning: function `prepare_sparse_checkpoint` is never used
  --> crates/zeppelin-embed/src/property_graph/storage/search/checkpoint.rs:70:15
   |
70 | pub(crate) fn prepare_sparse_checkpoint<'m, S: BlockSink, C: RecordCatalog<S>>(
   |               ^^^^^^^^^^^^^^^^^^^^^^^^^

warning: function `validate_target_origin` is never used
   --> crates/zeppelin-embed/src/property_graph/storage/search/checkpoint.rs:190:4
    |
190 | fn validate_target_origin<S: BlockSource, C: RecordCatalog<S>>(
    |    ^^^^^^^^^^^^^^^^^^^^^^

warning: function `validate_replay_transition` is never used
   --> crates/zeppelin-embed/src/property_graph/storage/search/checkpoint.rs:241:15
    |
241 | pub(crate) fn validate_replay_transition<'a, 'm, S: BlockSource, C: RecordCatalog<S>>(
    |               ^^^^^^^^^^^^^^^^^^^^^^^^^^

warning: methods `generation` and `sequence` are never used
  --> crates/zeppelin-embed/src/property_graph/storage/search/prepare.rs:75:25
   |
74 | impl PreparedSparseCandidate<'_> {
   | -------------------------------- methods in this implementation
75 |     pub(crate) const fn generation(&self) -> GraphGeneration {
   |                         ^^^^^^^^^^
...
78 |     pub(crate) const fn sequence(&self) -> u64 {
   |                         ^^^^^^^^

warning: struct `SearchTraceResult` is never constructed
  --> crates/zeppelin-embed/src/property_graph/storage/search/trace.rs:23:19
   |
23 | pub(crate) struct SearchTraceResult {
   |                   ^^^^^^^^^^^^^^^^^

warning: struct `Bound` is never constructed
  --> crates/zeppelin-embed/src/property_graph/storage/search/trace.rs:29:8
   |
29 | struct Bound {
   |        ^^^^^

warning: associated items `from_key` and `key` are never used
  --> crates/zeppelin-embed/src/property_graph/storage/search/trace.rs:35:8
   |
34 | impl Bound {
   | ---------- associated items in this implementation
35 |     fn from_key(key: Key<'_>, width: usize) -> Result<Self, TreeError> {
   |        ^^^^^^^^
...
53 |     fn key(&self) -> Result<Key<'_>, TreeError> {
   |        ^^^

warning: struct `PageFrame` is never constructed
  --> crates/zeppelin-embed/src/property_graph/storage/search/trace.rs:63:8
   |
63 | struct PageFrame {
   |        ^^^^^^^^^

warning: enum `DirectoryFamily` is never used
  --> crates/zeppelin-embed/src/property_graph/storage/search/trace.rs:74:6
   |
74 | enum DirectoryFamily {
   |      ^^^^^^^^^^^^^^^

warning: struct `DirectoryWalk` is never constructed
  --> crates/zeppelin-embed/src/property_graph/storage/search/trace.rs:79:8
   |
79 | struct DirectoryWalk {
   |        ^^^^^^^^^^^^^

warning: enum `DirectoryEvent` is never used
  --> crates/zeppelin-embed/src/property_graph/storage/search/trace.rs:91:6
   |
91 | enum DirectoryEvent {
   |      ^^^^^^^^^^^^^^

warning: associated items `new`, `width`, and `next` are never used
   --> crates/zeppelin-embed/src/property_graph/storage/search/trace.rs:103:8
    |
 98 | impl DirectoryWalk {
    | ------------------ associated items in this implementation
...
103 |     fn new(
    |        ^^^
...
142 |     fn width(&self) -> usize {
    |        ^^^^^
...
149 |     fn next<S: BlockSource>(
    |        ^^^^

warning: struct `PayloadState` is never constructed
   --> crates/zeppelin-embed/src/property_graph/storage/search/trace.rs:315:8
    |
315 | struct PayloadState {
    |        ^^^^^^^^^^^^

warning: struct `SourceState` is never constructed
   --> crates/zeppelin-embed/src/property_graph/storage/search/trace.rs:323:8
    |
323 | struct SourceState {
    |        ^^^^^^^^^^^

warning: struct `SearchTraceCursor` is never constructed
   --> crates/zeppelin-embed/src/property_graph/storage/search/trace.rs:337:19
    |
337 | pub(crate) struct SearchTraceCursor<'s, 'm, S, C> {
    |                   ^^^^^^^^^^^^^^^^^

warning: associated function `for_preparation` is never used
   --> crates/zeppelin-embed/src/property_graph/storage/search/trace.rs:374:19
    |
366 | / impl<'s, 'lease, 'm>
367 | |     SearchTraceCursor<
368 | |         's,
369 | |         'm,
370 | |         NativePreparationSource<'lease, 'm>,
371 | |         NativePreparationCatalog<'s, 'lease, 'm>,
372 | |     >
    | |_____- associated function in this implementation
373 |   {
374 |       pub(crate) fn for_preparation(
    |                     ^^^^^^^^^^^^^^^

warning: associated items `open_checked`, `modality`, `schedule_payload`, `next_reference`, and `trace` are never used
   --> crates/zeppelin-embed/src/property_graph/storage/search/trace.rs:407:8
    |
402 | impl<'s, 'm, S: BlockSource, C: RecordCatalog<S>> SearchTraceCursor<'s, 'm, S, C> {
    | --------------------------------------------------------------------------------- associated items in this implementation
...
407 |     fn open_checked(
    |        ^^^^^^^^^^^^
...
502 |     fn modality(&self) -> Result<Modality, TreeError> {
    |        ^^^^^^^^
...
510 |     fn schedule_payload(&mut self, payload: PayloadRef, generation: GraphGeneration) {
    |        ^^^^^^^^^^^^^^^^
...
519 |     fn next_reference(
    |        ^^^^^^^^^^^^^^
...
824 |     pub(crate) fn trace(
    |                   ^^^^^

warning: method `sealed` is never used
   --> crates/zeppelin-embed/src/property_graph/storage/search/view.rs:197:8
    |
188 | impl SparseLexical<'_> {
    | ---------------------- method in this implementation
...
197 |     fn sealed(&self) -> &SealedSegment {
    |        ^^^^^^

warning: function `decode_lexical_prepare` is never used
   --> crates/zeppelin-embed/src/property_graph/storage/search/view.rs:232:15
    |
232 | pub(super) fn decode_lexical_prepare<'m, S: BlockSource>(
    |               ^^^^^^^^^^^^^^^^^^^^^^

warning: fields `revision`, `row`, `analyzed_length`, and `vector` are never read
   --> crates/zeppelin-embed/src/property_graph/storage/search/view.rs:255:16
    |
253 | pub(crate) struct SparseMember<'a, S: BlockSource> {
    |                   ------------ fields in this struct
254 |     pub(crate) node: NodeId,
255 |     pub(crate) revision: u64,
    |                ^^^^^^^^
256 |     pub(crate) row: u32,
    |                ^^^
257 |     pub(crate) analyzed_length: u32,
    |                ^^^^^^^^^^^^^^^
258 |     pub(crate) vector: Option<StoredVector<'a, S>>,
    |                ^^^^^^

warning: struct `SparseSources` is never constructed
   --> crates/zeppelin-embed/src/property_graph/storage/search/view.rs:262:19
    |
262 | pub(crate) struct SparseSources<'v, 'a, 'm, 'r, S, C> {
    |                   ^^^^^^^^^^^^^

warning: struct `SparseSource` is never constructed
   --> crates/zeppelin-embed/src/property_graph/storage/search/view.rs:271:19
    |
271 | pub(crate) struct SparseSource<'v, 'a, 'm, S, C> {
    |                   ^^^^^^^^^^^^

warning: field `catalog_required` is never read
   --> crates/zeppelin-embed/src/property_graph/storage/search/view.rs:290:5
    |
283 | pub(crate) struct SparseView<'a, 'm, S, C> {
    |                   ---------- field in this struct
...
290 |     catalog_required: RequiredRef,
    |     ^^^^^^^^^^^^^^^^

warning: multiple methods are never used
   --> crates/zeppelin-embed/src/property_graph/storage/search/view.rs:487:25
    |
339 | impl<'a, 'm, S: BlockSource, C: RecordCatalog<S>> SparseView<'a, 'm, S, C> {
    | -------------------------------------------------------------------------- methods in this implementation
...
487 |     pub(crate) const fn text_count(&self) -> u64 {
    |                         ^^^^^^^^^^
...
493 |     pub(crate) const fn vector_count(&self) -> u64 {
    |                         ^^^^^^^^^^^^
...
499 |     pub(crate) const fn text_length(&self) -> u64 {
    |                         ^^^^^^^^^^^
...
517 |     pub(crate) const fn interpretation_catalog(&self) -> RequiredRef {
    |                         ^^^^^^^^^^^^^^^^^^^^^^
...
523 |     pub(super) const fn root_state(&self, modality: Modality) -> Option<SparseRootState> {
    |                         ^^^^^^^^^^
...
543 |     fn descriptor(&self, modality: Modality) -> Option<RootDescriptor> {
    |        ^^^^^^^^^^
...
623 |     pub(crate) fn sources<'v, 'r>(
    |                   ^^^^^^^

warning: methods `next` and `next_inner` are never used
   --> crates/zeppelin-embed/src/property_graph/storage/search/view.rs:972:19
    |
971 | impl<'v, 'a, 'm, 'r, S: BlockSource, C: RecordCatalog<S>> SparseSources<'v, 'a, 'm, 'r, S, C> {
    | --------------------------------------------------------------------------------------------- methods in this implementation
972 |     pub(crate) fn next(
    |                   ^^^^
...
986 |     fn next_inner(
    |        ^^^^^^^^^^

warning: methods `row_count`, `live_bit`, `is_live`, `resolve_row`, and `lexical` are never used
    --> crates/zeppelin-embed/src/property_graph/storage/search/view.rs:1141:25
     |
1140 | impl<'v, 'a, 'm, S: BlockSource, C: RecordCatalog<S>> SparseSource<'v, 'a, 'm, S, C> {
     | ------------------------------------------------------------------------------------ methods in this implementation
1141 |     pub(crate) const fn row_count(&self) -> u32 {
     |                         ^^^^^^^^^
...
1145 |     fn live_bit(&self, row: u32, resources: &mut TreeResources<'_>) -> Result<bool, TreeError> {
     |        ^^^^^^^^
...
1164 |     pub(crate) fn is_live(
     |                   ^^^^^^^
...
1173 |     pub(crate) fn resolve_row(
     |                   ^^^^^^^^^^^
...
1236 |     pub(crate) fn lexical(
     |                   ^^^^^^^

warning: `zeppelin-embed` (lib) generated 50 warnings (run `cargo fix --lib -p zeppelin-embed` to apply 3 suggestions)
    Finished `dev` profile [unoptimized + debuginfo] target(s) in 5.66s
$ cargo check -p zeppelin-embed-cypher --lib -j 4
warning: unused imports: `prepare_sparse_checkpoint` and `validate_replay_transition`
  --> crates/zeppelin-embed/src/property_graph/storage/search.rs:10:23
   |
10 |     SparseCheckpoint, prepare_sparse_checkpoint, validate_checkpoint,
   |                       ^^^^^^^^^^^^^^^^^^^^^^^^^
11 |     validate_persisted_replay_transition, validate_replay_transition,
   |                                           ^^^^^^^^^^^^^^^^^^^^^^^^^^
   |
   = note: `#[warn(unused_imports)]` (part of `#[warn(unused)]`) on by default

warning: unused imports: `SearchTraceCursor` and `SearchTraceResult`
  --> crates/zeppelin-embed/src/property_graph/storage/search.rs:15:24
   |
15 | pub(crate) use trace::{SearchTraceCursor, SearchTraceResult};
   |                        ^^^^^^^^^^^^^^^^^  ^^^^^^^^^^^^^^^^^

warning: unused imports: `SparseMember`, `SparseSource`, and `SparseSources`
  --> crates/zeppelin-embed/src/property_graph/storage/search.rs:16:23
   |
16 | pub(crate) use view::{SparseMember, SparseSource, SparseSources, SparseView};
   |                       ^^^^^^^^^^^^  ^^^^^^^^^^^^  ^^^^^^^^^^^^^

warning: function `fold_char` is never used
  --> crates/zeppelin-embed/src/fts/tokenizer/fold.rs:96:15
   |
96 | pub(crate) fn fold_char(value: char, output: &mut String) {
   |               ^^^^^^^^^
   |
   = note: `#[warn(dead_code)]` (part of `#[warn(unused)]`) on by default

warning: function `fold` is never used
   --> crates/zeppelin-embed/src/fts/tokenizer/fold.rs:111:15
    |
111 | pub(crate) fn fold(input: &str) -> String {
    |               ^^^^

warning: function `compose` is never used
   --> crates/zeppelin-embed/src/fts/tokenizer/numbers.rs:102:15
    |
102 | pub(crate) fn compose(words: &[NumberWord]) -> Option<u64> {
    |               ^^^^^^^

warning: function `spell_joined` is never used
   --> crates/zeppelin-embed/src/fts/tokenizer/numbers.rs:176:15
    |
176 | pub(crate) fn spell_joined(value: u64) -> Option<String> {
    |               ^^^^^^^^^^^^

warning: function `spell_into` is never used
   --> crates/zeppelin-embed/src/fts/tokenizer/numbers.rs:289:4
    |
289 | fn spell_into(value: u64, out: &mut String) -> Option<()> {
    |    ^^^^^^^^^^

warning: function `parse_digits` is never used
   --> crates/zeppelin-embed/src/fts/tokenizer/numbers.rs:320:15
    |
320 | pub(crate) fn parse_digits(term: &str) -> Option<u64> {
    |               ^^^^^^^^^^^^

warning: function `segment` is never used
  --> crates/zeppelin-embed/src/fts/tokenizer/segment.rs:65:15
   |
65 | pub(crate) fn segment(text: &str) -> Vec<Span> {
   |               ^^^^^^^

warning: function `ideograph_bigrams` is never used
   --> crates/zeppelin-embed/src/fts/tokenizer/segment.rs:181:15
    |
181 | pub(crate) fn ideograph_bigrams(text: &str, span: Span) -> Vec<Span> {
    |               ^^^^^^^^^^^^^^^^^

warning: function `regions` is never used
  --> crates/zeppelin-embed/src/fts/tokenizer/stemmer.rs:67:4
   |
67 | fn regions(word: &[char]) -> (usize, usize) {
   |    ^^^^^^^

warning: function `region_after` is never used
  --> crates/zeppelin-embed/src/fts/tokenizer/stemmer.rs:86:4
   |
86 | fn region_after(word: &[char], from: usize) -> usize {
   |    ^^^^^^^^^^^^

warning: function `stem` is never used
   --> crates/zeppelin-embed/src/fts/tokenizer/stemmer.rs:200:15
    |
200 | pub(crate) fn stem(term: &str) -> String {
    |               ^^^^

warning: function `restore_y` is never used
   --> crates/zeppelin-embed/src/fts/tokenizer/stemmer.rs:430:4
    |
430 | fn restore_y(word: &[char]) -> String {
    |    ^^^^^^^^^

warning: function `step_1a` is never used
   --> crates/zeppelin-embed/src/fts/tokenizer/stemmer.rs:446:4
    |
446 | fn step_1a(word: &mut Vec<char>) {
    |    ^^^^^^^

warning: function `step_1b` is never used
   --> crates/zeppelin-embed/src/fts/tokenizer/stemmer.rs:473:4
    |
473 | fn step_1b(word: &mut Vec<char>, r1: usize) {
    |    ^^^^^^^

warning: struct `TreeTraceReservation` is never constructed
   --> crates/zeppelin-embed/src/property_graph/storage/tree/directory.rs:115:19
    |
115 | pub(crate) struct TreeTraceReservation<'a> {
    |                   ^^^^^^^^^^^^^^^^^^^^

warning: method `require` is never used
   --> crates/zeppelin-embed/src/property_graph/storage/tree/directory.rs:120:19
    |
119 | impl TreeTraceReservation<'_> {
    | ----------------------------- method in this implementation
120 |     pub(crate) fn require(&self, resources: &TreeResources<'_>) -> Result<(), TreeError> {
    |                   ^^^^^^^

warning: method `reserve_trace` is never used
   --> crates/zeppelin-embed/src/property_graph/storage/tree/directory.rs:314:19
    |
226 | impl<'a> TreeResources<'a> {
    | -------------------------- method in this implementation
...
314 |     pub(crate) fn reserve_trace(
    |                   ^^^^^^^^^^^^^

warning: function `trace_page` is never used
   --> crates/zeppelin-embed/src/property_graph/storage/tree/directory.rs:639:15
    |
639 | pub(crate) fn trace_page<'s>(
    |               ^^^^^^^^^^

warning: method `physical_reference_at` is never used
   --> crates/zeppelin-embed/src/property_graph/storage/payload.rs:205:19
    |
 27 | impl PayloadRef {
    | --------------- method in this implementation
...
205 |     pub(crate) fn physical_reference_at(
    |                   ^^^^^^^^^^^^^^^^^^^^^

warning: struct `PreparedSparseCheckpoint` is never constructed
  --> crates/zeppelin-embed/src/property_graph/storage/search/checkpoint.rs:30:19
   |
30 | pub(crate) struct PreparedSparseCheckpoint {
   |                   ^^^^^^^^^^^^^^^^^^^^^^^^

warning: method `finalize` is never used
  --> crates/zeppelin-embed/src/property_graph/storage/search/checkpoint.rs:35:19
   |
34 | impl PreparedSparseCheckpoint {
   | ----------------------------- method in this implementation
35 |     pub(crate) fn finalize(&self, inventory: &[InventoryChange]) -> Result<SparseRoots, TreeError> {
   |                   ^^^^^^^^

warning: function `prepare_sparse_checkpoint` is never used
  --> crates/zeppelin-embed/src/property_graph/storage/search/checkpoint.rs:70:15
   |
70 | pub(crate) fn prepare_sparse_checkpoint<'m, S: BlockSink, C: RecordCatalog<S>>(
   |               ^^^^^^^^^^^^^^^^^^^^^^^^^

warning: function `validate_target_origin` is never used
   --> crates/zeppelin-embed/src/property_graph/storage/search/checkpoint.rs:190:4
    |
190 | fn validate_target_origin<S: BlockSource, C: RecordCatalog<S>>(
    |    ^^^^^^^^^^^^^^^^^^^^^^

warning: function `validate_replay_transition` is never used
   --> crates/zeppelin-embed/src/property_graph/storage/search/checkpoint.rs:241:15
    |
241 | pub(crate) fn validate_replay_transition<'a, 'm, S: BlockSource, C: RecordCatalog<S>>(
    |               ^^^^^^^^^^^^^^^^^^^^^^^^^^

warning: methods `generation` and `sequence` are never used
  --> crates/zeppelin-embed/src/property_graph/storage/search/prepare.rs:75:25
   |
74 | impl PreparedSparseCandidate<'_> {
   | -------------------------------- methods in this implementation
75 |     pub(crate) const fn generation(&self) -> GraphGeneration {
   |                         ^^^^^^^^^^
...
78 |     pub(crate) const fn sequence(&self) -> u64 {
   |                         ^^^^^^^^

warning: struct `SearchTraceResult` is never constructed
  --> crates/zeppelin-embed/src/property_graph/storage/search/trace.rs:23:19
   |
23 | pub(crate) struct SearchTraceResult {
   |                   ^^^^^^^^^^^^^^^^^

warning: struct `Bound` is never constructed
  --> crates/zeppelin-embed/src/property_graph/storage/search/trace.rs:29:8
   |
29 | struct Bound {
   |        ^^^^^

warning: associated items `from_key` and `key` are never used
  --> crates/zeppelin-embed/src/property_graph/storage/search/trace.rs:35:8
   |
34 | impl Bound {
   | ---------- associated items in this implementation
35 |     fn from_key(key: Key<'_>, width: usize) -> Result<Self, TreeError> {
   |        ^^^^^^^^
...
53 |     fn key(&self) -> Result<Key<'_>, TreeError> {
   |        ^^^

warning: struct `PageFrame` is never constructed
  --> crates/zeppelin-embed/src/property_graph/storage/search/trace.rs:63:8
   |
63 | struct PageFrame {
   |        ^^^^^^^^^

warning: enum `DirectoryFamily` is never used
  --> crates/zeppelin-embed/src/property_graph/storage/search/trace.rs:74:6
   |
74 | enum DirectoryFamily {
   |      ^^^^^^^^^^^^^^^

warning: struct `DirectoryWalk` is never constructed
  --> crates/zeppelin-embed/src/property_graph/storage/search/trace.rs:79:8
   |
79 | struct DirectoryWalk {
   |        ^^^^^^^^^^^^^

warning: enum `DirectoryEvent` is never used
  --> crates/zeppelin-embed/src/property_graph/storage/search/trace.rs:91:6
   |
91 | enum DirectoryEvent {
   |      ^^^^^^^^^^^^^^

warning: associated items `new`, `width`, and `next` are never used
   --> crates/zeppelin-embed/src/property_graph/storage/search/trace.rs:103:8
    |
 98 | impl DirectoryWalk {
    | ------------------ associated items in this implementation
...
103 |     fn new(
    |        ^^^
...
142 |     fn width(&self) -> usize {
    |        ^^^^^
...
149 |     fn next<S: BlockSource>(
    |        ^^^^

warning: struct `PayloadState` is never constructed
   --> crates/zeppelin-embed/src/property_graph/storage/search/trace.rs:315:8
    |
315 | struct PayloadState {
    |        ^^^^^^^^^^^^

warning: struct `SourceState` is never constructed
   --> crates/zeppelin-embed/src/property_graph/storage/search/trace.rs:323:8
    |
323 | struct SourceState {
    |        ^^^^^^^^^^^

warning: struct `SearchTraceCursor` is never constructed
   --> crates/zeppelin-embed/src/property_graph/storage/search/trace.rs:337:19
    |
337 | pub(crate) struct SearchTraceCursor<'s, 'm, S, C> {
    |                   ^^^^^^^^^^^^^^^^^

warning: associated function `for_preparation` is never used
   --> crates/zeppelin-embed/src/property_graph/storage/search/trace.rs:374:19
    |
366 | / impl<'s, 'lease, 'm>
367 | |     SearchTraceCursor<
368 | |         's,
369 | |         'm,
370 | |         NativePreparationSource<'lease, 'm>,
371 | |         NativePreparationCatalog<'s, 'lease, 'm>,
372 | |     >
    | |_____- associated function in this implementation
373 |   {
374 |       pub(crate) fn for_preparation(
    |                     ^^^^^^^^^^^^^^^

warning: associated items `open_checked`, `modality`, `schedule_payload`, `next_reference`, and `trace` are never used
   --> crates/zeppelin-embed/src/property_graph/storage/search/trace.rs:407:8
    |
402 | impl<'s, 'm, S: BlockSource, C: RecordCatalog<S>> SearchTraceCursor<'s, 'm, S, C> {
    | --------------------------------------------------------------------------------- associated items in this implementation
...
407 |     fn open_checked(
    |        ^^^^^^^^^^^^
...
502 |     fn modality(&self) -> Result<Modality, TreeError> {
    |        ^^^^^^^^
...
510 |     fn schedule_payload(&mut self, payload: PayloadRef, generation: GraphGeneration) {
    |        ^^^^^^^^^^^^^^^^
...
519 |     fn next_reference(
    |        ^^^^^^^^^^^^^^
...
824 |     pub(crate) fn trace(
    |                   ^^^^^

warning: method `sealed` is never used
   --> crates/zeppelin-embed/src/property_graph/storage/search/view.rs:197:8
    |
188 | impl SparseLexical<'_> {
    | ---------------------- method in this implementation
...
197 |     fn sealed(&self) -> &SealedSegment {
    |        ^^^^^^

warning: function `decode_lexical_prepare` is never used
   --> crates/zeppelin-embed/src/property_graph/storage/search/view.rs:232:15
    |
232 | pub(super) fn decode_lexical_prepare<'m, S: BlockSource>(
    |               ^^^^^^^^^^^^^^^^^^^^^^

warning: fields `revision`, `row`, `analyzed_length`, and `vector` are never read
   --> crates/zeppelin-embed/src/property_graph/storage/search/view.rs:255:16
    |
253 | pub(crate) struct SparseMember<'a, S: BlockSource> {
    |                   ------------ fields in this struct
254 |     pub(crate) node: NodeId,
255 |     pub(crate) revision: u64,
    |                ^^^^^^^^
256 |     pub(crate) row: u32,
    |                ^^^
257 |     pub(crate) analyzed_length: u32,
    |                ^^^^^^^^^^^^^^^
258 |     pub(crate) vector: Option<StoredVector<'a, S>>,
    |                ^^^^^^

warning: struct `SparseSources` is never constructed
   --> crates/zeppelin-embed/src/property_graph/storage/search/view.rs:262:19
    |
262 | pub(crate) struct SparseSources<'v, 'a, 'm, 'r, S, C> {
    |                   ^^^^^^^^^^^^^

warning: struct `SparseSource` is never constructed
   --> crates/zeppelin-embed/src/property_graph/storage/search/view.rs:271:19
    |
271 | pub(crate) struct SparseSource<'v, 'a, 'm, S, C> {
    |                   ^^^^^^^^^^^^

warning: field `catalog_required` is never read
   --> crates/zeppelin-embed/src/property_graph/storage/search/view.rs:290:5
    |
283 | pub(crate) struct SparseView<'a, 'm, S, C> {
    |                   ---------- field in this struct
...
290 |     catalog_required: RequiredRef,
    |     ^^^^^^^^^^^^^^^^

warning: multiple methods are never used
   --> crates/zeppelin-embed/src/property_graph/storage/search/view.rs:487:25
    |
339 | impl<'a, 'm, S: BlockSource, C: RecordCatalog<S>> SparseView<'a, 'm, S, C> {
    | -------------------------------------------------------------------------- methods in this implementation
...
487 |     pub(crate) const fn text_count(&self) -> u64 {
    |                         ^^^^^^^^^^
...
493 |     pub(crate) const fn vector_count(&self) -> u64 {
    |                         ^^^^^^^^^^^^
...
499 |     pub(crate) const fn text_length(&self) -> u64 {
    |                         ^^^^^^^^^^^
...
517 |     pub(crate) const fn interpretation_catalog(&self) -> RequiredRef {
    |                         ^^^^^^^^^^^^^^^^^^^^^^
...
523 |     pub(super) const fn root_state(&self, modality: Modality) -> Option<SparseRootState> {
    |                         ^^^^^^^^^^
...
543 |     fn descriptor(&self, modality: Modality) -> Option<RootDescriptor> {
    |        ^^^^^^^^^^
...
623 |     pub(crate) fn sources<'v, 'r>(
    |                   ^^^^^^^

warning: methods `next` and `next_inner` are never used
   --> crates/zeppelin-embed/src/property_graph/storage/search/view.rs:972:19
    |
971 | impl<'v, 'a, 'm, 'r, S: BlockSource, C: RecordCatalog<S>> SparseSources<'v, 'a, 'm, 'r, S, C> {
    | --------------------------------------------------------------------------------------------- methods in this implementation
972 |     pub(crate) fn next(
    |                   ^^^^
...
986 |     fn next_inner(
    |        ^^^^^^^^^^

warning: methods `row_count`, `live_bit`, `is_live`, `resolve_row`, and `lexical` are never used
    --> crates/zeppelin-embed/src/property_graph/storage/search/view.rs:1141:25
     |
1140 | impl<'v, 'a, 'm, S: BlockSource, C: RecordCatalog<S>> SparseSource<'v, 'a, 'm, S, C> {
     | ------------------------------------------------------------------------------------ methods in this implementation
1141 |     pub(crate) const fn row_count(&self) -> u32 {
     |                         ^^^^^^^^^
...
1145 |     fn live_bit(&self, row: u32, resources: &mut TreeResources<'_>) -> Result<bool, TreeError> {
     |        ^^^^^^^^
...
1164 |     pub(crate) fn is_live(
     |                   ^^^^^^^
...
1173 |     pub(crate) fn resolve_row(
     |                   ^^^^^^^^^^^
...
1236 |     pub(crate) fn lexical(
     |                   ^^^^^^^

warning: `zeppelin-embed` (lib) generated 50 warnings (run `cargo fix --lib -p zeppelin-embed` to apply 3 suggestions)
    Checking zeppelin-embed-cypher v0.4.2 (/Users/aghatage/Documents/code/zeppelin-embed-wt-ze-154/crates/zeppelin-embed-cypher)
    Finished `dev` profile [unoptimized + debuginfo] target(s) in 0.39s
$ cargo check -p zeppelin-embed-ffi --lib -j 4
warning: method `analyze_with_policy` is never used
   --> crates/zeppelin-embed/src/fts/tokenizer/mod.rs:402:19
    |
371 | impl Analyzer {
    | ------------- method in this implementation
...
402 |     pub(crate) fn analyze_with_policy<'m, P: super::control::BuildPolicy<'m>>(
    |                   ^^^^^^^^^^^^^^^^^^^
    |
    = note: `#[warn(dead_code)]` (part of `#[warn(unused)]`) on by default

warning: function `fold_char` is never used
  --> crates/zeppelin-embed/src/fts/tokenizer/fold.rs:96:15
   |
96 | pub(crate) fn fold_char(value: char, output: &mut String) {
   |               ^^^^^^^^^

warning: function `fold` is never used
   --> crates/zeppelin-embed/src/fts/tokenizer/fold.rs:111:15
    |
111 | pub(crate) fn fold(input: &str) -> String {
    |               ^^^^

warning: function `compose` is never used
   --> crates/zeppelin-embed/src/fts/tokenizer/numbers.rs:102:15
    |
102 | pub(crate) fn compose(words: &[NumberWord]) -> Option<u64> {
    |               ^^^^^^^

warning: function `spell_joined` is never used
   --> crates/zeppelin-embed/src/fts/tokenizer/numbers.rs:176:15
    |
176 | pub(crate) fn spell_joined(value: u64) -> Option<String> {
    |               ^^^^^^^^^^^^

warning: function `spell_into` is never used
   --> crates/zeppelin-embed/src/fts/tokenizer/numbers.rs:289:4
    |
289 | fn spell_into(value: u64, out: &mut String) -> Option<()> {
    |    ^^^^^^^^^^

warning: function `parse_digits` is never used
   --> crates/zeppelin-embed/src/fts/tokenizer/numbers.rs:320:15
    |
320 | pub(crate) fn parse_digits(term: &str) -> Option<u64> {
    |               ^^^^^^^^^^^^

warning: methods `term` and `position` are never used
  --> crates/zeppelin-embed/src/fts/tokenizer/pipeline.rs:78:19
   |
77 | impl<C> ControlledToken<'_, C> {
   | ------------------------------ methods in this implementation
78 |     pub(crate) fn term(&self) -> &str {
   |                   ^^^^
...
81 |     pub(crate) const fn position(&self) -> u32 {
   |                         ^^^^^^^^

warning: function `segment` is never used
  --> crates/zeppelin-embed/src/fts/tokenizer/segment.rs:65:15
   |
65 | pub(crate) fn segment(text: &str) -> Vec<Span> {
   |               ^^^^^^^

warning: function `ideograph_bigrams` is never used
   --> crates/zeppelin-embed/src/fts/tokenizer/segment.rs:181:15
    |
181 | pub(crate) fn ideograph_bigrams(text: &str, span: Span) -> Vec<Span> {
    |               ^^^^^^^^^^^^^^^^^

warning: function `regions` is never used
  --> crates/zeppelin-embed/src/fts/tokenizer/stemmer.rs:67:4
   |
67 | fn regions(word: &[char]) -> (usize, usize) {
   |    ^^^^^^^

warning: function `region_after` is never used
  --> crates/zeppelin-embed/src/fts/tokenizer/stemmer.rs:86:4
   |
86 | fn region_after(word: &[char], from: usize) -> usize {
   |    ^^^^^^^^^^^^

warning: function `stem` is never used
   --> crates/zeppelin-embed/src/fts/tokenizer/stemmer.rs:200:15
    |
200 | pub(crate) fn stem(term: &str) -> String {
    |               ^^^^

warning: function `restore_y` is never used
   --> crates/zeppelin-embed/src/fts/tokenizer/stemmer.rs:430:4
    |
430 | fn restore_y(word: &[char]) -> String {
    |    ^^^^^^^^^

warning: function `step_1a` is never used
   --> crates/zeppelin-embed/src/fts/tokenizer/stemmer.rs:446:4
    |
446 | fn step_1a(word: &mut Vec<char>) {
    |    ^^^^^^^

warning: function `step_1b` is never used
   --> crates/zeppelin-embed/src/fts/tokenizer/stemmer.rs:473:4
    |
473 | fn step_1b(word: &mut Vec<char>, r1: usize) {
    |    ^^^^^^^

warning: struct `OwnedPosting` is never constructed
   --> crates/zeppelin-embed/src/fts/postings.rs:169:19
    |
169 | pub(crate) struct OwnedPosting<'m, C> {
    |                   ^^^^^^^^^^^^

warning: struct `GraphEncoded` is never constructed
   --> crates/zeppelin-embed/src/fts/postings.rs:585:19
    |
585 | pub(crate) struct GraphEncoded<'m, C> {
    |                   ^^^^^^^^^^^^

warning: struct `GraphListSummary` is never constructed
   --> crates/zeppelin-embed/src/fts/postings.rs:591:19
    |
591 | pub(crate) struct GraphListSummary {
    |                   ^^^^^^^^^^^^^^^^

warning: function `encode_graph_policy` is never used
   --> crates/zeppelin-embed/src/fts/postings.rs:600:15
    |
600 | pub(crate) fn encode_graph_policy<'m, P>(
    |               ^^^^^^^^^^^^^^^^^^^

warning: function `required_bits_policy` is never used
   --> crates/zeppelin-embed/src/fts/postings.rs:766:4
    |
766 | fn required_bits_policy<'m, P: super::control::BuildPolicy<'m>>(
    |    ^^^^^^^^^^^^^^^^^^^^

warning: function `pack_bits_policy` is never used
   --> crates/zeppelin-embed/src/fts/postings.rs:782:4
    |
782 | fn pack_bits_policy<'m, P: super::control::BuildPolicy<'m>>(
    |    ^^^^^^^^^^^^^^^^

warning: function `write_meta_policy` is never used
   --> crates/zeppelin-embed/src/fts/postings.rs:809:4
    |
809 | fn write_meta_policy<'m, P: super::control::BuildPolicy<'m>>(
    |    ^^^^^^^^^^^^^^^^^

warning: function `validate_graph_policy` is never used
   --> crates/zeppelin-embed/src/fts/postings.rs:836:15
    |
836 | pub(crate) fn validate_graph_policy<'m, P>(
    |               ^^^^^^^^^^^^^^^^^^^^^

warning: methods `lexical_block` and `lexical_posting` are never used
  --> crates/zeppelin-embed/src/fts/control.rs:22:8
   |
16 | pub(crate) trait BuildPolicy<'m> {
   |                  ----------- methods in this trait
...
22 |     fn lexical_block(&mut self) -> Result<(), Self::Error> {
   |        ^^^^^^^^^^^^^
...
25 |     fn lexical_posting(&mut self) -> Result<(), Self::Error> {
   |        ^^^^^^^^^^^^^^^

warning: methods `is_empty` and `extend_from_slice` are never used
   --> crates/zeppelin-embed/src/fts/control.rs:138:19
    |
120 | impl<'m, T, C> GuardedVec<'m, T, C> {
    | ----------------------------------- methods in this implementation
...
138 |     pub(crate) fn is_empty(&self) -> bool {
    |                   ^^^^^^^^
...
200 |     pub(crate) fn extend_from_slice<P>(
    |                   ^^^^^^^^^^^^^^^^^

warning: trait `CapacityCharge` is never used
   --> crates/zeppelin-embed/src/fts/control.rs:234:18
    |
234 | pub(crate) trait CapacityCharge {
    |                  ^^^^^^^^^^^^^^

warning: struct `GraphSealed` is never constructed
   --> crates/zeppelin-embed/src/fts/sealed.rs:158:19
    |
158 | pub(crate) struct GraphSealed<'m, C> {
    |                   ^^^^^^^^^^^

warning: methods `sealed` and `owned_bytes` are never used
   --> crates/zeppelin-embed/src/fts/sealed.rs:170:25
    |
169 | impl<C: super::control::CapacityCharge> GraphSealed<'_, C> {
    | ---------------------------------------------------------- methods in this implementation
170 |     pub(crate) const fn sealed(&self) -> &SealedSegment {
    |                         ^^^^^^
...
174 |     pub(crate) fn owned_bytes(&self) -> usize {
    |                   ^^^^^^^^^^^

warning: associated items `seal_policy`, `encode_region_policy`, and `decode_policy` are never used
   --> crates/zeppelin-embed/src/fts/sealed.rs:224:19
    |
223 | impl<'m, C> GraphSealed<'m, C> {
    | ------------------------------ associated items in this implementation
224 |     pub(crate) fn seal_policy<'a, P, I>(
    |                   ^^^^^^^^^^^
...
372 |     pub(crate) fn encode_region_policy<P>(
    |                   ^^^^^^^^^^^^^^^^^^^^
...
464 |     pub(crate) fn decode_policy<P>(bytes: &[u8], policy: &mut P) -> Result<(Self, u64), P::Error>
    |                   ^^^^^^^^^^^^^

warning: function `compare_bytes_policy` is never used
   --> crates/zeppelin-embed/src/fts/sealed.rs:742:4
    |
742 | fn compare_bytes_policy<'m, P: super::control::BuildPolicy<'m>>(
    |    ^^^^^^^^^^^^^^^^^^^^

warning: `zeppelin-embed` (lib) generated 31 warnings
    Checking zeppelin-embed-ffi v0.4.2 (/Users/aghatage/Documents/code/zeppelin-embed-wt-ze-154/crates/zeppelin-embed-ffi)
    Finished `dev` profile [unoptimized + debuginfo] target(s) in 0.26s
$ cargo check -p zeppelin-embed-ffi --lib -j 4 --features graph-cypher
warning: unused imports: `prepare_sparse_checkpoint` and `validate_replay_transition`
  --> crates/zeppelin-embed/src/property_graph/storage/search.rs:10:23
   |
10 |     SparseCheckpoint, prepare_sparse_checkpoint, validate_checkpoint,
   |                       ^^^^^^^^^^^^^^^^^^^^^^^^^
11 |     validate_persisted_replay_transition, validate_replay_transition,
   |                                           ^^^^^^^^^^^^^^^^^^^^^^^^^^
   |
   = note: `#[warn(unused_imports)]` (part of `#[warn(unused)]`) on by default

warning: unused imports: `SearchTraceCursor` and `SearchTraceResult`
  --> crates/zeppelin-embed/src/property_graph/storage/search.rs:15:24
   |
15 | pub(crate) use trace::{SearchTraceCursor, SearchTraceResult};
   |                        ^^^^^^^^^^^^^^^^^  ^^^^^^^^^^^^^^^^^

warning: unused imports: `SparseMember`, `SparseSource`, and `SparseSources`
  --> crates/zeppelin-embed/src/property_graph/storage/search.rs:16:23
   |
16 | pub(crate) use view::{SparseMember, SparseSource, SparseSources, SparseView};
   |                       ^^^^^^^^^^^^  ^^^^^^^^^^^^  ^^^^^^^^^^^^^

warning: function `fold_char` is never used
  --> crates/zeppelin-embed/src/fts/tokenizer/fold.rs:96:15
   |
96 | pub(crate) fn fold_char(value: char, output: &mut String) {
   |               ^^^^^^^^^
   |
   = note: `#[warn(dead_code)]` (part of `#[warn(unused)]`) on by default

warning: function `fold` is never used
   --> crates/zeppelin-embed/src/fts/tokenizer/fold.rs:111:15
    |
111 | pub(crate) fn fold(input: &str) -> String {
    |               ^^^^

warning: function `compose` is never used
   --> crates/zeppelin-embed/src/fts/tokenizer/numbers.rs:102:15
    |
102 | pub(crate) fn compose(words: &[NumberWord]) -> Option<u64> {
    |               ^^^^^^^

warning: function `spell_joined` is never used
   --> crates/zeppelin-embed/src/fts/tokenizer/numbers.rs:176:15
    |
176 | pub(crate) fn spell_joined(value: u64) -> Option<String> {
    |               ^^^^^^^^^^^^

warning: function `spell_into` is never used
   --> crates/zeppelin-embed/src/fts/tokenizer/numbers.rs:289:4
    |
289 | fn spell_into(value: u64, out: &mut String) -> Option<()> {
    |    ^^^^^^^^^^

warning: function `parse_digits` is never used
   --> crates/zeppelin-embed/src/fts/tokenizer/numbers.rs:320:15
    |
320 | pub(crate) fn parse_digits(term: &str) -> Option<u64> {
    |               ^^^^^^^^^^^^

warning: function `segment` is never used
  --> crates/zeppelin-embed/src/fts/tokenizer/segment.rs:65:15
   |
65 | pub(crate) fn segment(text: &str) -> Vec<Span> {
   |               ^^^^^^^

warning: function `ideograph_bigrams` is never used
   --> crates/zeppelin-embed/src/fts/tokenizer/segment.rs:181:15
    |
181 | pub(crate) fn ideograph_bigrams(text: &str, span: Span) -> Vec<Span> {
    |               ^^^^^^^^^^^^^^^^^

warning: function `regions` is never used
  --> crates/zeppelin-embed/src/fts/tokenizer/stemmer.rs:67:4
   |
67 | fn regions(word: &[char]) -> (usize, usize) {
   |    ^^^^^^^

warning: function `region_after` is never used
  --> crates/zeppelin-embed/src/fts/tokenizer/stemmer.rs:86:4
   |
86 | fn region_after(word: &[char], from: usize) -> usize {
   |    ^^^^^^^^^^^^

warning: function `stem` is never used
   --> crates/zeppelin-embed/src/fts/tokenizer/stemmer.rs:200:15
    |
200 | pub(crate) fn stem(term: &str) -> String {
    |               ^^^^

warning: function `restore_y` is never used
   --> crates/zeppelin-embed/src/fts/tokenizer/stemmer.rs:430:4
    |
430 | fn restore_y(word: &[char]) -> String {
    |    ^^^^^^^^^

warning: function `step_1a` is never used
   --> crates/zeppelin-embed/src/fts/tokenizer/stemmer.rs:446:4
    |
446 | fn step_1a(word: &mut Vec<char>) {
    |    ^^^^^^^

warning: function `step_1b` is never used
   --> crates/zeppelin-embed/src/fts/tokenizer/stemmer.rs:473:4
    |
473 | fn step_1b(word: &mut Vec<char>, r1: usize) {
    |    ^^^^^^^

warning: struct `TreeTraceReservation` is never constructed
   --> crates/zeppelin-embed/src/property_graph/storage/tree/directory.rs:115:19
    |
115 | pub(crate) struct TreeTraceReservation<'a> {
    |                   ^^^^^^^^^^^^^^^^^^^^

warning: method `require` is never used
   --> crates/zeppelin-embed/src/property_graph/storage/tree/directory.rs:120:19
    |
119 | impl TreeTraceReservation<'_> {
    | ----------------------------- method in this implementation
120 |     pub(crate) fn require(&self, resources: &TreeResources<'_>) -> Result<(), TreeError> {
    |                   ^^^^^^^

warning: method `reserve_trace` is never used
   --> crates/zeppelin-embed/src/property_graph/storage/tree/directory.rs:314:19
    |
226 | impl<'a> TreeResources<'a> {
    | -------------------------- method in this implementation
...
314 |     pub(crate) fn reserve_trace(
    |                   ^^^^^^^^^^^^^

warning: function `trace_page` is never used
   --> crates/zeppelin-embed/src/property_graph/storage/tree/directory.rs:639:15
    |
639 | pub(crate) fn trace_page<'s>(
    |               ^^^^^^^^^^

warning: method `physical_reference_at` is never used
   --> crates/zeppelin-embed/src/property_graph/storage/payload.rs:205:19
    |
 27 | impl PayloadRef {
    | --------------- method in this implementation
...
205 |     pub(crate) fn physical_reference_at(
    |                   ^^^^^^^^^^^^^^^^^^^^^

warning: struct `PreparedSparseCheckpoint` is never constructed
  --> crates/zeppelin-embed/src/property_graph/storage/search/checkpoint.rs:30:19
   |
30 | pub(crate) struct PreparedSparseCheckpoint {
   |                   ^^^^^^^^^^^^^^^^^^^^^^^^

warning: method `finalize` is never used
  --> crates/zeppelin-embed/src/property_graph/storage/search/checkpoint.rs:35:19
   |
34 | impl PreparedSparseCheckpoint {
   | ----------------------------- method in this implementation
35 |     pub(crate) fn finalize(&self, inventory: &[InventoryChange]) -> Result<SparseRoots, TreeError> {
   |                   ^^^^^^^^

warning: function `prepare_sparse_checkpoint` is never used
  --> crates/zeppelin-embed/src/property_graph/storage/search/checkpoint.rs:70:15
   |
70 | pub(crate) fn prepare_sparse_checkpoint<'m, S: BlockSink, C: RecordCatalog<S>>(
   |               ^^^^^^^^^^^^^^^^^^^^^^^^^

warning: function `validate_target_origin` is never used
   --> crates/zeppelin-embed/src/property_graph/storage/search/checkpoint.rs:190:4
    |
190 | fn validate_target_origin<S: BlockSource, C: RecordCatalog<S>>(
    |    ^^^^^^^^^^^^^^^^^^^^^^

warning: function `validate_replay_transition` is never used
   --> crates/zeppelin-embed/src/property_graph/storage/search/checkpoint.rs:241:15
    |
241 | pub(crate) fn validate_replay_transition<'a, 'm, S: BlockSource, C: RecordCatalog<S>>(
    |               ^^^^^^^^^^^^^^^^^^^^^^^^^^

warning: methods `generation` and `sequence` are never used
  --> crates/zeppelin-embed/src/property_graph/storage/search/prepare.rs:75:25
   |
74 | impl PreparedSparseCandidate<'_> {
   | -------------------------------- methods in this implementation
75 |     pub(crate) const fn generation(&self) -> GraphGeneration {
   |                         ^^^^^^^^^^
...
78 |     pub(crate) const fn sequence(&self) -> u64 {
   |                         ^^^^^^^^

warning: struct `SearchTraceResult` is never constructed
  --> crates/zeppelin-embed/src/property_graph/storage/search/trace.rs:23:19
   |
23 | pub(crate) struct SearchTraceResult {
   |                   ^^^^^^^^^^^^^^^^^

warning: struct `Bound` is never constructed
  --> crates/zeppelin-embed/src/property_graph/storage/search/trace.rs:29:8
   |
29 | struct Bound {
   |        ^^^^^

warning: associated items `from_key` and `key` are never used
  --> crates/zeppelin-embed/src/property_graph/storage/search/trace.rs:35:8
   |
34 | impl Bound {
   | ---------- associated items in this implementation
35 |     fn from_key(key: Key<'_>, width: usize) -> Result<Self, TreeError> {
   |        ^^^^^^^^
...
53 |     fn key(&self) -> Result<Key<'_>, TreeError> {
   |        ^^^

warning: struct `PageFrame` is never constructed
  --> crates/zeppelin-embed/src/property_graph/storage/search/trace.rs:63:8
   |
63 | struct PageFrame {
   |        ^^^^^^^^^

warning: enum `DirectoryFamily` is never used
  --> crates/zeppelin-embed/src/property_graph/storage/search/trace.rs:74:6
   |
74 | enum DirectoryFamily {
   |      ^^^^^^^^^^^^^^^

warning: struct `DirectoryWalk` is never constructed
  --> crates/zeppelin-embed/src/property_graph/storage/search/trace.rs:79:8
   |
79 | struct DirectoryWalk {
   |        ^^^^^^^^^^^^^

warning: enum `DirectoryEvent` is never used
  --> crates/zeppelin-embed/src/property_graph/storage/search/trace.rs:91:6
   |
91 | enum DirectoryEvent {
   |      ^^^^^^^^^^^^^^

warning: associated items `new`, `width`, and `next` are never used
   --> crates/zeppelin-embed/src/property_graph/storage/search/trace.rs:103:8
    |
 98 | impl DirectoryWalk {
    | ------------------ associated items in this implementation
...
103 |     fn new(
    |        ^^^
...
142 |     fn width(&self) -> usize {
    |        ^^^^^
...
149 |     fn next<S: BlockSource>(
    |        ^^^^

warning: struct `PayloadState` is never constructed
   --> crates/zeppelin-embed/src/property_graph/storage/search/trace.rs:315:8
    |
315 | struct PayloadState {
    |        ^^^^^^^^^^^^

warning: struct `SourceState` is never constructed
   --> crates/zeppelin-embed/src/property_graph/storage/search/trace.rs:323:8
    |
323 | struct SourceState {
    |        ^^^^^^^^^^^

warning: struct `SearchTraceCursor` is never constructed
   --> crates/zeppelin-embed/src/property_graph/storage/search/trace.rs:337:19
    |
337 | pub(crate) struct SearchTraceCursor<'s, 'm, S, C> {
    |                   ^^^^^^^^^^^^^^^^^

warning: associated function `for_preparation` is never used
   --> crates/zeppelin-embed/src/property_graph/storage/search/trace.rs:374:19
    |
366 | / impl<'s, 'lease, 'm>
367 | |     SearchTraceCursor<
368 | |         's,
369 | |         'm,
370 | |         NativePreparationSource<'lease, 'm>,
371 | |         NativePreparationCatalog<'s, 'lease, 'm>,
372 | |     >
    | |_____- associated function in this implementation
373 |   {
374 |       pub(crate) fn for_preparation(
    |                     ^^^^^^^^^^^^^^^

warning: associated items `open_checked`, `modality`, `schedule_payload`, `next_reference`, and `trace` are never used
   --> crates/zeppelin-embed/src/property_graph/storage/search/trace.rs:407:8
    |
402 | impl<'s, 'm, S: BlockSource, C: RecordCatalog<S>> SearchTraceCursor<'s, 'm, S, C> {
    | --------------------------------------------------------------------------------- associated items in this implementation
...
407 |     fn open_checked(
    |        ^^^^^^^^^^^^
...
502 |     fn modality(&self) -> Result<Modality, TreeError> {
    |        ^^^^^^^^
...
510 |     fn schedule_payload(&mut self, payload: PayloadRef, generation: GraphGeneration) {
    |        ^^^^^^^^^^^^^^^^
...
519 |     fn next_reference(
    |        ^^^^^^^^^^^^^^
...
824 |     pub(crate) fn trace(
    |                   ^^^^^

warning: method `sealed` is never used
   --> crates/zeppelin-embed/src/property_graph/storage/search/view.rs:197:8
    |
188 | impl SparseLexical<'_> {
    | ---------------------- method in this implementation
...
197 |     fn sealed(&self) -> &SealedSegment {
    |        ^^^^^^

warning: function `decode_lexical_prepare` is never used
   --> crates/zeppelin-embed/src/property_graph/storage/search/view.rs:232:15
    |
232 | pub(super) fn decode_lexical_prepare<'m, S: BlockSource>(
    |               ^^^^^^^^^^^^^^^^^^^^^^

warning: fields `revision`, `row`, `analyzed_length`, and `vector` are never read
   --> crates/zeppelin-embed/src/property_graph/storage/search/view.rs:255:16
    |
253 | pub(crate) struct SparseMember<'a, S: BlockSource> {
    |                   ------------ fields in this struct
254 |     pub(crate) node: NodeId,
255 |     pub(crate) revision: u64,
    |                ^^^^^^^^
256 |     pub(crate) row: u32,
    |                ^^^
257 |     pub(crate) analyzed_length: u32,
    |                ^^^^^^^^^^^^^^^
258 |     pub(crate) vector: Option<StoredVector<'a, S>>,
    |                ^^^^^^

warning: struct `SparseSources` is never constructed
   --> crates/zeppelin-embed/src/property_graph/storage/search/view.rs:262:19
    |
262 | pub(crate) struct SparseSources<'v, 'a, 'm, 'r, S, C> {
    |                   ^^^^^^^^^^^^^

warning: struct `SparseSource` is never constructed
   --> crates/zeppelin-embed/src/property_graph/storage/search/view.rs:271:19
    |
271 | pub(crate) struct SparseSource<'v, 'a, 'm, S, C> {
    |                   ^^^^^^^^^^^^

warning: field `catalog_required` is never read
   --> crates/zeppelin-embed/src/property_graph/storage/search/view.rs:290:5
    |
283 | pub(crate) struct SparseView<'a, 'm, S, C> {
    |                   ---------- field in this struct
...
290 |     catalog_required: RequiredRef,
    |     ^^^^^^^^^^^^^^^^

warning: multiple methods are never used
   --> crates/zeppelin-embed/src/property_graph/storage/search/view.rs:487:25
    |
339 | impl<'a, 'm, S: BlockSource, C: RecordCatalog<S>> SparseView<'a, 'm, S, C> {
    | -------------------------------------------------------------------------- methods in this implementation
...
487 |     pub(crate) const fn text_count(&self) -> u64 {
    |                         ^^^^^^^^^^
...
493 |     pub(crate) const fn vector_count(&self) -> u64 {
    |                         ^^^^^^^^^^^^
...
499 |     pub(crate) const fn text_length(&self) -> u64 {
    |                         ^^^^^^^^^^^
...
517 |     pub(crate) const fn interpretation_catalog(&self) -> RequiredRef {
    |                         ^^^^^^^^^^^^^^^^^^^^^^
...
523 |     pub(super) const fn root_state(&self, modality: Modality) -> Option<SparseRootState> {
    |                         ^^^^^^^^^^
...
543 |     fn descriptor(&self, modality: Modality) -> Option<RootDescriptor> {
    |        ^^^^^^^^^^
...
623 |     pub(crate) fn sources<'v, 'r>(
    |                   ^^^^^^^

warning: methods `next` and `next_inner` are never used
   --> crates/zeppelin-embed/src/property_graph/storage/search/view.rs:972:19
    |
971 | impl<'v, 'a, 'm, 'r, S: BlockSource, C: RecordCatalog<S>> SparseSources<'v, 'a, 'm, 'r, S, C> {
    | --------------------------------------------------------------------------------------------- methods in this implementation
972 |     pub(crate) fn next(
    |                   ^^^^
...
986 |     fn next_inner(
    |        ^^^^^^^^^^

warning: methods `row_count`, `live_bit`, `is_live`, `resolve_row`, and `lexical` are never used
    --> crates/zeppelin-embed/src/property_graph/storage/search/view.rs:1141:25
     |
1140 | impl<'v, 'a, 'm, S: BlockSource, C: RecordCatalog<S>> SparseSource<'v, 'a, 'm, S, C> {
     | ------------------------------------------------------------------------------------ methods in this implementation
1141 |     pub(crate) const fn row_count(&self) -> u32 {
     |                         ^^^^^^^^^
...
1145 |     fn live_bit(&self, row: u32, resources: &mut TreeResources<'_>) -> Result<bool, TreeError> {
     |        ^^^^^^^^
...
1164 |     pub(crate) fn is_live(
     |                   ^^^^^^^
...
1173 |     pub(crate) fn resolve_row(
     |                   ^^^^^^^^^^^
...
1236 |     pub(crate) fn lexical(
     |                   ^^^^^^^

warning: `zeppelin-embed` (lib) generated 50 warnings (run `cargo fix --lib -p zeppelin-embed` to apply 3 suggestions)
    Checking zeppelin-embed-ffi v0.4.2 (/Users/aghatage/Documents/code/zeppelin-embed-wt-ze-154/crates/zeppelin-embed-ffi)
    Finished `dev` profile [unoptimized + debuginfo] target(s) in 0.38s
$ cargo clippy -p zeppelin-embed --lib -j 4 --features graph-cypher
    Checking zeppelin-embed v0.4.2 (/Users/aghatage/Documents/code/zeppelin-embed-wt-ze-154/crates/zeppelin-embed)
warning: unused imports: `prepare_sparse_checkpoint` and `validate_replay_transition`
  --> crates/zeppelin-embed/src/property_graph/storage/search.rs:10:23
   |
10 |     SparseCheckpoint, prepare_sparse_checkpoint, validate_checkpoint,
   |                       ^^^^^^^^^^^^^^^^^^^^^^^^^
11 |     validate_persisted_replay_transition, validate_replay_transition,
   |                                           ^^^^^^^^^^^^^^^^^^^^^^^^^^
   |
   = note: `#[warn(unused_imports)]` (part of `#[warn(unused)]`) on by default

warning: unused imports: `SearchTraceCursor` and `SearchTraceResult`
  --> crates/zeppelin-embed/src/property_graph/storage/search.rs:15:24
   |
15 | pub(crate) use trace::{SearchTraceCursor, SearchTraceResult};
   |                        ^^^^^^^^^^^^^^^^^  ^^^^^^^^^^^^^^^^^

warning: unused imports: `SparseMember`, `SparseSource`, and `SparseSources`
  --> crates/zeppelin-embed/src/property_graph/storage/search.rs:16:23
   |
16 | pub(crate) use view::{SparseMember, SparseSource, SparseSources, SparseView};
   |                       ^^^^^^^^^^^^  ^^^^^^^^^^^^  ^^^^^^^^^^^^^

warning: function `fold_char` is never used
  --> crates/zeppelin-embed/src/fts/tokenizer/fold.rs:96:15
   |
96 | pub(crate) fn fold_char(value: char, output: &mut String) {
   |               ^^^^^^^^^
   |
   = note: `#[warn(dead_code)]` (part of `#[warn(unused)]`) on by default

warning: function `fold` is never used
   --> crates/zeppelin-embed/src/fts/tokenizer/fold.rs:111:15
    |
111 | pub(crate) fn fold(input: &str) -> String {
    |               ^^^^

warning: function `compose` is never used
   --> crates/zeppelin-embed/src/fts/tokenizer/numbers.rs:102:15
    |
102 | pub(crate) fn compose(words: &[NumberWord]) -> Option<u64> {
    |               ^^^^^^^

warning: function `spell_joined` is never used
   --> crates/zeppelin-embed/src/fts/tokenizer/numbers.rs:176:15
    |
176 | pub(crate) fn spell_joined(value: u64) -> Option<String> {
    |               ^^^^^^^^^^^^

warning: function `spell_into` is never used
   --> crates/zeppelin-embed/src/fts/tokenizer/numbers.rs:289:4
    |
289 | fn spell_into(value: u64, out: &mut String) -> Option<()> {
    |    ^^^^^^^^^^

warning: function `parse_digits` is never used
   --> crates/zeppelin-embed/src/fts/tokenizer/numbers.rs:320:15
    |
320 | pub(crate) fn parse_digits(term: &str) -> Option<u64> {
    |               ^^^^^^^^^^^^

warning: function `segment` is never used
  --> crates/zeppelin-embed/src/fts/tokenizer/segment.rs:65:15
   |
65 | pub(crate) fn segment(text: &str) -> Vec<Span> {
   |               ^^^^^^^

warning: function `ideograph_bigrams` is never used
   --> crates/zeppelin-embed/src/fts/tokenizer/segment.rs:181:15
    |
181 | pub(crate) fn ideograph_bigrams(text: &str, span: Span) -> Vec<Span> {
    |               ^^^^^^^^^^^^^^^^^

warning: function `regions` is never used
  --> crates/zeppelin-embed/src/fts/tokenizer/stemmer.rs:67:4
   |
67 | fn regions(word: &[char]) -> (usize, usize) {
   |    ^^^^^^^

warning: function `region_after` is never used
  --> crates/zeppelin-embed/src/fts/tokenizer/stemmer.rs:86:4
   |
86 | fn region_after(word: &[char], from: usize) -> usize {
   |    ^^^^^^^^^^^^

warning: function `stem` is never used
   --> crates/zeppelin-embed/src/fts/tokenizer/stemmer.rs:200:15
    |
200 | pub(crate) fn stem(term: &str) -> String {
    |               ^^^^

warning: function `restore_y` is never used
   --> crates/zeppelin-embed/src/fts/tokenizer/stemmer.rs:430:4
    |
430 | fn restore_y(word: &[char]) -> String {
    |    ^^^^^^^^^

warning: function `step_1a` is never used
   --> crates/zeppelin-embed/src/fts/tokenizer/stemmer.rs:446:4
    |
446 | fn step_1a(word: &mut Vec<char>) {
    |    ^^^^^^^

warning: function `step_1b` is never used
   --> crates/zeppelin-embed/src/fts/tokenizer/stemmer.rs:473:4
    |
473 | fn step_1b(word: &mut Vec<char>, r1: usize) {
    |    ^^^^^^^

warning: struct `TreeTraceReservation` is never constructed
   --> crates/zeppelin-embed/src/property_graph/storage/tree/directory.rs:115:19
    |
115 | pub(crate) struct TreeTraceReservation<'a> {
    |                   ^^^^^^^^^^^^^^^^^^^^

warning: method `require` is never used
   --> crates/zeppelin-embed/src/property_graph/storage/tree/directory.rs:120:19
    |
119 | impl TreeTraceReservation<'_> {
    | ----------------------------- method in this implementation
120 |     pub(crate) fn require(&self, resources: &TreeResources<'_>) -> Result<(), TreeError> {
    |                   ^^^^^^^

warning: method `reserve_trace` is never used
   --> crates/zeppelin-embed/src/property_graph/storage/tree/directory.rs:314:19
    |
226 | impl<'a> TreeResources<'a> {
    | -------------------------- method in this implementation
...
314 |     pub(crate) fn reserve_trace(
    |                   ^^^^^^^^^^^^^

warning: function `trace_page` is never used
   --> crates/zeppelin-embed/src/property_graph/storage/tree/directory.rs:639:15
    |
639 | pub(crate) fn trace_page<'s>(
    |               ^^^^^^^^^^

warning: method `physical_reference_at` is never used
   --> crates/zeppelin-embed/src/property_graph/storage/payload.rs:205:19
    |
 27 | impl PayloadRef {
    | --------------- method in this implementation
...
205 |     pub(crate) fn physical_reference_at(
    |                   ^^^^^^^^^^^^^^^^^^^^^

warning: struct `PreparedSparseCheckpoint` is never constructed
  --> crates/zeppelin-embed/src/property_graph/storage/search/checkpoint.rs:30:19
   |
30 | pub(crate) struct PreparedSparseCheckpoint {
   |                   ^^^^^^^^^^^^^^^^^^^^^^^^

warning: method `finalize` is never used
  --> crates/zeppelin-embed/src/property_graph/storage/search/checkpoint.rs:35:19
   |
34 | impl PreparedSparseCheckpoint {
   | ----------------------------- method in this implementation
35 |     pub(crate) fn finalize(&self, inventory: &[InventoryChange]) -> Result<SparseRoots, TreeError> {
   |                   ^^^^^^^^

warning: function `prepare_sparse_checkpoint` is never used
  --> crates/zeppelin-embed/src/property_graph/storage/search/checkpoint.rs:70:15
   |
70 | pub(crate) fn prepare_sparse_checkpoint<'m, S: BlockSink, C: RecordCatalog<S>>(
   |               ^^^^^^^^^^^^^^^^^^^^^^^^^

warning: function `validate_target_origin` is never used
   --> crates/zeppelin-embed/src/property_graph/storage/search/checkpoint.rs:190:4
    |
190 | fn validate_target_origin<S: BlockSource, C: RecordCatalog<S>>(
    |    ^^^^^^^^^^^^^^^^^^^^^^

warning: function `validate_replay_transition` is never used
   --> crates/zeppelin-embed/src/property_graph/storage/search/checkpoint.rs:241:15
    |
241 | pub(crate) fn validate_replay_transition<'a, 'm, S: BlockSource, C: RecordCatalog<S>>(
    |               ^^^^^^^^^^^^^^^^^^^^^^^^^^

warning: methods `generation` and `sequence` are never used
  --> crates/zeppelin-embed/src/property_graph/storage/search/prepare.rs:75:25
   |
74 | impl PreparedSparseCandidate<'_> {
   | -------------------------------- methods in this implementation
75 |     pub(crate) const fn generation(&self) -> GraphGeneration {
   |                         ^^^^^^^^^^
...
78 |     pub(crate) const fn sequence(&self) -> u64 {
   |                         ^^^^^^^^

warning: struct `SearchTraceResult` is never constructed
  --> crates/zeppelin-embed/src/property_graph/storage/search/trace.rs:23:19
   |
23 | pub(crate) struct SearchTraceResult {
   |                   ^^^^^^^^^^^^^^^^^

warning: struct `Bound` is never constructed
  --> crates/zeppelin-embed/src/property_graph/storage/search/trace.rs:29:8
   |
29 | struct Bound {
   |        ^^^^^

warning: associated items `from_key` and `key` are never used
  --> crates/zeppelin-embed/src/property_graph/storage/search/trace.rs:35:8
   |
34 | impl Bound {
   | ---------- associated items in this implementation
35 |     fn from_key(key: Key<'_>, width: usize) -> Result<Self, TreeError> {
   |        ^^^^^^^^
...
53 |     fn key(&self) -> Result<Key<'_>, TreeError> {
   |        ^^^

warning: struct `PageFrame` is never constructed
  --> crates/zeppelin-embed/src/property_graph/storage/search/trace.rs:63:8
   |
63 | struct PageFrame {
   |        ^^^^^^^^^

warning: enum `DirectoryFamily` is never used
  --> crates/zeppelin-embed/src/property_graph/storage/search/trace.rs:74:6
   |
74 | enum DirectoryFamily {
   |      ^^^^^^^^^^^^^^^

warning: struct `DirectoryWalk` is never constructed
  --> crates/zeppelin-embed/src/property_graph/storage/search/trace.rs:79:8
   |
79 | struct DirectoryWalk {
   |        ^^^^^^^^^^^^^

warning: enum `DirectoryEvent` is never used
  --> crates/zeppelin-embed/src/property_graph/storage/search/trace.rs:91:6
   |
91 | enum DirectoryEvent {
   |      ^^^^^^^^^^^^^^

warning: associated items `new`, `width`, and `next` are never used
   --> crates/zeppelin-embed/src/property_graph/storage/search/trace.rs:103:8
    |
 98 | impl DirectoryWalk {
    | ------------------ associated items in this implementation
...
103 |     fn new(
    |        ^^^
...
142 |     fn width(&self) -> usize {
    |        ^^^^^
...
149 |     fn next<S: BlockSource>(
    |        ^^^^

warning: struct `PayloadState` is never constructed
   --> crates/zeppelin-embed/src/property_graph/storage/search/trace.rs:315:8
    |
315 | struct PayloadState {
    |        ^^^^^^^^^^^^

warning: struct `SourceState` is never constructed
   --> crates/zeppelin-embed/src/property_graph/storage/search/trace.rs:323:8
    |
323 | struct SourceState {
    |        ^^^^^^^^^^^

warning: struct `SearchTraceCursor` is never constructed
   --> crates/zeppelin-embed/src/property_graph/storage/search/trace.rs:337:19
    |
337 | pub(crate) struct SearchTraceCursor<'s, 'm, S, C> {
    |                   ^^^^^^^^^^^^^^^^^

warning: associated function `for_preparation` is never used
   --> crates/zeppelin-embed/src/property_graph/storage/search/trace.rs:374:19
    |
366 | / impl<'s, 'lease, 'm>
367 | |     SearchTraceCursor<
368 | |         's,
369 | |         'm,
370 | |         NativePreparationSource<'lease, 'm>,
371 | |         NativePreparationCatalog<'s, 'lease, 'm>,
372 | |     >
    | |_____- associated function in this implementation
373 |   {
374 |       pub(crate) fn for_preparation(
    |                     ^^^^^^^^^^^^^^^

warning: associated items `open_checked`, `modality`, `schedule_payload`, `next_reference`, and `trace` are never used
   --> crates/zeppelin-embed/src/property_graph/storage/search/trace.rs:407:8
    |
402 | impl<'s, 'm, S: BlockSource, C: RecordCatalog<S>> SearchTraceCursor<'s, 'm, S, C> {
    | --------------------------------------------------------------------------------- associated items in this implementation
...
407 |     fn open_checked(
    |        ^^^^^^^^^^^^
...
502 |     fn modality(&self) -> Result<Modality, TreeError> {
    |        ^^^^^^^^
...
510 |     fn schedule_payload(&mut self, payload: PayloadRef, generation: GraphGeneration) {
    |        ^^^^^^^^^^^^^^^^
...
519 |     fn next_reference(
    |        ^^^^^^^^^^^^^^
...
824 |     pub(crate) fn trace(
    |                   ^^^^^

warning: method `sealed` is never used
   --> crates/zeppelin-embed/src/property_graph/storage/search/view.rs:197:8
    |
188 | impl SparseLexical<'_> {
    | ---------------------- method in this implementation
...
197 |     fn sealed(&self) -> &SealedSegment {
    |        ^^^^^^

warning: function `decode_lexical_prepare` is never used
   --> crates/zeppelin-embed/src/property_graph/storage/search/view.rs:232:15
    |
232 | pub(super) fn decode_lexical_prepare<'m, S: BlockSource>(
    |               ^^^^^^^^^^^^^^^^^^^^^^

warning: fields `revision`, `row`, `analyzed_length`, and `vector` are never read
   --> crates/zeppelin-embed/src/property_graph/storage/search/view.rs:255:16
    |
253 | pub(crate) struct SparseMember<'a, S: BlockSource> {
    |                   ------------ fields in this struct
254 |     pub(crate) node: NodeId,
255 |     pub(crate) revision: u64,
    |                ^^^^^^^^
256 |     pub(crate) row: u32,
    |                ^^^
257 |     pub(crate) analyzed_length: u32,
    |                ^^^^^^^^^^^^^^^
258 |     pub(crate) vector: Option<StoredVector<'a, S>>,
    |                ^^^^^^

warning: struct `SparseSources` is never constructed
   --> crates/zeppelin-embed/src/property_graph/storage/search/view.rs:262:19
    |
262 | pub(crate) struct SparseSources<'v, 'a, 'm, 'r, S, C> {
    |                   ^^^^^^^^^^^^^

warning: struct `SparseSource` is never constructed
   --> crates/zeppelin-embed/src/property_graph/storage/search/view.rs:271:19
    |
271 | pub(crate) struct SparseSource<'v, 'a, 'm, S, C> {
    |                   ^^^^^^^^^^^^

warning: field `catalog_required` is never read
   --> crates/zeppelin-embed/src/property_graph/storage/search/view.rs:290:5
    |
283 | pub(crate) struct SparseView<'a, 'm, S, C> {
    |                   ---------- field in this struct
...
290 |     catalog_required: RequiredRef,
    |     ^^^^^^^^^^^^^^^^

warning: multiple methods are never used
   --> crates/zeppelin-embed/src/property_graph/storage/search/view.rs:487:25
    |
339 | impl<'a, 'm, S: BlockSource, C: RecordCatalog<S>> SparseView<'a, 'm, S, C> {
    | -------------------------------------------------------------------------- methods in this implementation
...
487 |     pub(crate) const fn text_count(&self) -> u64 {
    |                         ^^^^^^^^^^
...
493 |     pub(crate) const fn vector_count(&self) -> u64 {
    |                         ^^^^^^^^^^^^
...
499 |     pub(crate) const fn text_length(&self) -> u64 {
    |                         ^^^^^^^^^^^
...
517 |     pub(crate) const fn interpretation_catalog(&self) -> RequiredRef {
    |                         ^^^^^^^^^^^^^^^^^^^^^^
...
523 |     pub(super) const fn root_state(&self, modality: Modality) -> Option<SparseRootState> {
    |                         ^^^^^^^^^^
...
543 |     fn descriptor(&self, modality: Modality) -> Option<RootDescriptor> {
    |        ^^^^^^^^^^
...
623 |     pub(crate) fn sources<'v, 'r>(
    |                   ^^^^^^^

warning: methods `next` and `next_inner` are never used
   --> crates/zeppelin-embed/src/property_graph/storage/search/view.rs:972:19
    |
971 | impl<'v, 'a, 'm, 'r, S: BlockSource, C: RecordCatalog<S>> SparseSources<'v, 'a, 'm, 'r, S, C> {
    | --------------------------------------------------------------------------------------------- methods in this implementation
972 |     pub(crate) fn next(
    |                   ^^^^
...
986 |     fn next_inner(
    |        ^^^^^^^^^^

warning: methods `row_count`, `live_bit`, `is_live`, `resolve_row`, and `lexical` are never used
    --> crates/zeppelin-embed/src/property_graph/storage/search/view.rs:1141:25
     |
1140 | impl<'v, 'a, 'm, S: BlockSource, C: RecordCatalog<S>> SparseSource<'v, 'a, 'm, S, C> {
     | ------------------------------------------------------------------------------------ methods in this implementation
1141 |     pub(crate) const fn row_count(&self) -> u32 {
     |                         ^^^^^^^^^
...
1145 |     fn live_bit(&self, row: u32, resources: &mut TreeResources<'_>) -> Result<bool, TreeError> {
     |        ^^^^^^^^
...
1164 |     pub(crate) fn is_live(
     |                   ^^^^^^^
...
1173 |     pub(crate) fn resolve_row(
     |                   ^^^^^^^^^^^
...
1236 |     pub(crate) fn lexical(
     |                   ^^^^^^^

warning: very complex type used. Consider factoring parts into `type` definitions
   --> crates/zeppelin-embed/src/fts/tokenizer/pipeline.rs:115:6
    |
115 | ) -> Result<GuardedVec<'m, (usize, usize), P::Charge>, P::Error> {
    |      ^^^^^^^^^^^^^^^^^^^^^^^^^^^^^^^^^^^^^^^^^^^^^^^^^^^^^^^^^^^
    |
    = help: for further information visit https://rust-lang.github.io/rust-clippy/rust-1.93.0/index.html#type_complexity
    = note: `#[warn(clippy::type_complexity)]` on by default

warning: very complex type used. Consider factoring parts into `type` definitions
   --> crates/zeppelin-embed/src/fts/tokenizer/pipeline.rs:205:6
    |
205 | ) -> Result<(GuardedVec<'m, Emission<'m, P::Charge>, P::Charge>, u32), P::Error> {
    |      ^^^^^^^^^^^^^^^^^^^^^^^^^^^^^^^^^^^^^^^^^^^^^^^^^^^^^^^^^^^^^^^^^^^^^^^^^^^
    |
    = help: for further information visit https://rust-lang.github.io/rust-clippy/rust-1.93.0/index.html#type_complexity

warning: very complex type used. Consider factoring parts into `type` definitions
   --> crates/zeppelin-embed/src/fts/tokenizer/pipeline.rs:657:6
    |
657 | ) -> Result<GuardedVec<'m, Emission<'m, P::Charge>, P::Charge>, P::Error> {
    |      ^^^^^^^^^^^^^^^^^^^^^^^^^^^^^^^^^^^^^^^^^^^^^^^^^^^^^^^^^^^^^^^^^^^^
    |
    = help: for further information visit https://rust-lang.github.io/rust-clippy/rust-1.93.0/index.html#type_complexity

warning: very complex type used. Consider factoring parts into `type` definitions
   --> crates/zeppelin-embed/src/fts/tokenizer/pipeline.rs:708:6
    |
708 | ) -> Result<GuardedVec<'m, ControlledToken<'m, P::Charge>, P::Charge>, P::Error> {
    |      ^^^^^^^^^^^^^^^^^^^^^^^^^^^^^^^^^^^^^^^^^^^^^^^^^^^^^^^^^^^^^^^^^^^^^^^^^^^
    |
    = help: for further information visit https://rust-lang.github.io/rust-clippy/rust-1.93.0/index.html#type_complexity

warning: this let-binding has unit value
   --> crates/zeppelin-embed/src/fts/tokenizer/pipeline.rs:819:9
    |
819 |         let _ = term_charge;
    |         ^^^^^^^^^^^^^^^^^^^^
    |
    = help: for further information visit https://rust-lang.github.io/rust-clippy/rust-1.93.0/index.html#let_unit_value
    = note: `#[warn(clippy::let_unit_value)]` on by default
help: omit the `let` binding
    |
819 -         let _ = term_charge;
819 +         term_charge;
    |

warning: this let-binding has unit value
   --> crates/zeppelin-embed/src/fts/tokenizer/pipeline.rs:821:5
    |
821 |     let _ = charge;
    |     ^^^^^^^^^^^^^^^
    |
    = help: for further information visit https://rust-lang.github.io/rust-clippy/rust-1.93.0/index.html#let_unit_value
help: omit the `let` binding
    |
821 -     let _ = charge;
821 +     charge;
    |

warning: very complex type used. Consider factoring parts into `type` definitions
   --> crates/zeppelin-embed/src/fts/tokenizer/mod.rs:406:10
    |
406 |       ) -> Result<
    |  __________^
407 | |         super::control::GuardedVec<'m, pipeline::ControlledToken<'m, P::Charge>, P::Charge>,
408 | |         P::Error,
409 | |     >
    | |_____^
    |
    = help: for further information visit https://rust-lang.github.io/rust-clippy/rust-1.93.0/index.html#type_complexity

warning: called `map(..).flatten()` on `Option`
   --> crates/zeppelin-embed/src/fts/sealed.rs:659:18
    |
659 |                   .map(|next| {
    |  __________________^
660 | |                     usize::try_from(next.meta_start)
661 | |                         .unwrap_or(usize::MAX)
662 | |                         .checked_sub(HEADER_LEN)
663 | |                 })
664 | |                 .flatten()
    | |__________________________^
    |
    = help: for further information visit https://rust-lang.github.io/rust-clippy/rust-1.93.0/index.html#map_flatten
    = note: `#[warn(clippy::map_flatten)]` on by default
help: try replacing `map` with `and_then` and remove the `.flatten()`
    |
659 ~                 .and_then(|next| {
660 +                     usize::try_from(next.meta_start)
661 +                         .unwrap_or(usize::MAX)
662 +                         .checked_sub(HEADER_LEN)
663 +                 })
    |

warning: passing a unit value to a function
   --> crates/zeppelin-embed/src/kernels/mod.rs:793:5
    |
793 |     observe_selected_score(table, vector_fault_kernel_id_dot_i8(), a.len());
    |     ^^^^^^^^^^^^^^^^^^^^^^^^^^^^^^^^^^^^^^^^^^^^^^^^^^^^^^^^^^^^^^^^^^^^^^^
    |
    = help: for further information visit https://rust-lang.github.io/rust-clippy/rust-1.93.0/index.html#unit_arg
    = note: `#[warn(clippy::unit_arg)]` on by default
help: move the expression in front of the call and replace it with the unit literal `()`
    |
793 ~     vector_fault_kernel_id_dot_i8();
794 ~     observe_selected_score(table, (), a.len());
    |

warning: passing a unit value to a function
   --> crates/zeppelin-embed/src/kernels/mod.rs:807:5
    |
807 |     observe_selected_score(table, vector_fault_kernel_id_dot_f32(), a.len());
    |     ^^^^^^^^^^^^^^^^^^^^^^^^^^^^^^^^^^^^^^^^^^^^^^^^^^^^^^^^^^^^^^^^^^^^^^^^
    |
    = help: for further information visit https://rust-lang.github.io/rust-clippy/rust-1.93.0/index.html#unit_arg
help: move the expression in front of the call and replace it with the unit literal `()`
    |
807 ~     vector_fault_kernel_id_dot_f32();
808 ~     observe_selected_score(table, (), a.len());
    |

warning: passing a unit value to a function
   --> crates/zeppelin-embed/src/kernels/mod.rs:822:5
    |
822 |     observe_selected_score(table, vector_fault_kernel_id_dot_f16(), a.len());
    |     ^^^^^^^^^^^^^^^^^^^^^^^^^^^^^^^^^^^^^^^^^^^^^^^^^^^^^^^^^^^^^^^^^^^^^^^^
    |
    = help: for further information visit https://rust-lang.github.io/rust-clippy/rust-1.93.0/index.html#unit_arg
help: move the expression in front of the call and replace it with the unit literal `()`
    |
822 ~     vector_fault_kernel_id_dot_f16();
823 ~     observe_selected_score(table, (), a.len());
    |

warning: passing a unit value to a function
   --> crates/zeppelin-embed/src/kernels/mod.rs:837:5
    |
837 |     observe_selected_score(table, vector_fault_kernel_id_hamming(), a.len());
    |     ^^^^^^^^^^^^^^^^^^^^^^^^^^^^^^^^^^^^^^^^^^^^^^^^^^^^^^^^^^^^^^^^^^^^^^^^
    |
    = help: for further information visit https://rust-lang.github.io/rust-clippy/rust-1.93.0/index.html#unit_arg
help: move the expression in front of the call and replace it with the unit literal `()`
    |
837 ~     vector_fault_kernel_id_hamming();
838 ~     observe_selected_score(table, (), a.len());
    |

warning: passing a unit value to a function
   --> crates/zeppelin-embed/src/kernels/mod.rs:851:5
    |
851 | /     observe_selected_score(
852 | |         table,
853 | |         vector_fault_kernel_id_dot_i8_batch(),
854 | |         d.saturating_mul(out.len()),
855 | |     );
    | |_____^
    |
    = help: for further information visit https://rust-lang.github.io/rust-clippy/rust-1.93.0/index.html#unit_arg
help: move the expression in front of the call and replace it with the unit literal `()`
    |
851 ~     vector_fault_kernel_id_dot_i8_batch();
852 +     observe_selected_score(
853 +         table,
854 +         (),
855 +         d.saturating_mul(out.len()),
856 ~     );
    |

warning: passing a unit value to a function
   --> crates/zeppelin-embed/src/kernels/mod.rs:868:5
    |
868 | /     observe_selected_score(
869 | |         table,
870 | |         vector_fault_kernel_id_hamming_batch(),
871 | |         d_bytes.saturating_mul(out.len()),
872 | |     );
    | |_____^
    |
    = help: for further information visit https://rust-lang.github.io/rust-clippy/rust-1.93.0/index.html#unit_arg
help: move the expression in front of the call and replace it with the unit literal `()`
    |
868 ~     vector_fault_kernel_id_hamming_batch();
869 +     observe_selected_score(
870 +         table,
871 +         (),
872 +         d_bytes.saturating_mul(out.len()),
873 ~     );
    |

warning: passing a unit value to a function
   --> crates/zeppelin-embed/src/kernels/mod.rs:888:5
    |
888 |     observe_selected_score(table, vector_fault_kernel_id_dot_bit4(), q.len());
    |     ^^^^^^^^^^^^^^^^^^^^^^^^^^^^^^^^^^^^^^^^^^^^^^^^^^^^^^^^^^^^^^^^^^^^^^^^^
    |
    = help: for further information visit https://rust-lang.github.io/rust-clippy/rust-1.93.0/index.html#unit_arg
help: move the expression in front of the call and replace it with the unit literal `()`
    |
888 ~     vector_fault_kernel_id_dot_bit4();
889 ~     observe_selected_score(table, (), q.len());
    |

warning: passing a unit value to a function
   --> crates/zeppelin-embed/src/kernels/mod.rs:897:5
    |
897 |     observe_selected_score(table, vector_fault_kernel_id_dot_bit4_prepared(), q.len());
    |     ^^^^^^^^^^^^^^^^^^^^^^^^^^^^^^^^^^^^^^^^^^^^^^^^^^^^^^^^^^^^^^^^^^^^^^^^^^^^^^^^^^
    |
    = help: for further information visit https://rust-lang.github.io/rust-clippy/rust-1.93.0/index.html#unit_arg
help: move the expression in front of the call and replace it with the unit literal `()`
    |
897 ~     vector_fault_kernel_id_dot_bit4_prepared();
898 ~     observe_selected_score(table, (), q.len());
    |

warning: passing a unit value to a function
   --> crates/zeppelin-embed/src/kernels/mod.rs:914:5
    |
914 | /     observe_selected_score(
915 | |         table,
916 | |         vector_fault_kernel_id_score_bit4_batch(),
917 | |         d.saturating_mul(out.len()),
918 | |     );
    | |_____^
    |
    = help: for further information visit https://rust-lang.github.io/rust-clippy/rust-1.93.0/index.html#unit_arg
help: move the expression in front of the call and replace it with the unit literal `()`
    |
914 ~     vector_fault_kernel_id_score_bit4_batch();
915 +     observe_selected_score(
916 +         table,
917 +         (),
918 +         d.saturating_mul(out.len()),
919 ~     );
    |

warning: passing a unit value to a function
   --> crates/zeppelin-embed/src/kernels/mod.rs:986:9
    |
986 | /         observe_selected_score(
987 | |             table,
988 | |             vector_fault_kernel_id_score_bit4_ptrs(),
989 | |             q.len().saturating_mul(out.len()),
990 | |         );
    | |_________^
    |
    = help: for further information visit https://rust-lang.github.io/rust-clippy/rust-1.93.0/index.html#unit_arg
help: move the expression in front of the call and replace it with the unit literal `()`
    |
986 ~         vector_fault_kernel_id_score_bit4_ptrs();
987 +         observe_selected_score(
988 +             table,
989 +             (),
990 +             q.len().saturating_mul(out.len()),
991 ~         );
    |

warning: passing a unit value to a function
    --> crates/zeppelin-embed/src/kernels/mod.rs:1007:5
     |
1007 | /     observe_selected_score(
1008 | |         table,
1009 | |         vector_fault_kernel_id_dot_bit4_batch(),
1010 | |         d.saturating_mul(out.len()),
1011 | |     );
     | |_____^
     |
     = help: for further information visit https://rust-lang.github.io/rust-clippy/rust-1.93.0/index.html#unit_arg
help: move the expression in front of the call and replace it with the unit literal `()`
     |
1007 ~     vector_fault_kernel_id_dot_bit4_batch();
1008 +     observe_selected_score(
1009 +         table,
1010 +         (),
1011 +         d.saturating_mul(out.len()),
1012 ~     );
     |

warning: this function has too many arguments (8/7)
   --> crates/zeppelin-embed/src/lifecycle/native_graph/base.rs:360:1
    |
360 | / fn cached_from_record<'source, 'resources, 'm>(
361 | |     source: &'source NativePreparationSource<'source, 'm>,
362 | |     record: &RecordView<'_, NativePreparationSource<'source, 'm>>,
363 | |     catalog: &NativePreparationCatalog<'_, 'source, 'm>,
...   |
368 | |     resources: &mut TreeResources<'m>,
369 | | ) -> Result<CachedEntity<'source, 'resources, 'm>, TreeError> {
    | |_____________________________________________________________^
    |
    = help: for further information visit https://rust-lang.github.io/rust-clippy/rust-1.93.0/index.html#too_many_arguments
    = note: `#[warn(clippy::too_many_arguments)]` on by default

warning: this function has too many arguments (11/7)
   --> crates/zeppelin-embed/src/lifecycle/native_graph/base.rs:407:1
    |
407 | / fn cached_from_parts<'source, 'resources, 'm>(
408 | |     source: &'source NativePreparationSource<'source, 'm>,
409 | |     provenance: &StoredProvenance<'_, NativePreparationSource<'source, 'm>>,
410 | |     canonical: Option<
...   |
423 | |     properties: Option<StorageBuffer<'m, CachedProperty<'m>>>,
424 | | ) -> Result<CachedEntity<'source, 'resources, 'm>, TreeError> {
    | |_____________________________________________________________^
    |
    = help: for further information visit https://rust-lang.github.io/rust-clippy/rust-1.93.0/index.html#too_many_arguments

warning: this function has too many arguments (9/7)
   --> crates/zeppelin-embed/src/lifecycle/native_graph/persistence.rs:422:1
    |
422 | / pub(super) fn catalog_payload<'a>(
423 | |     memory: &'a StorageMemory<'a>,
424 | |     control: &QueryControl,
425 | |     store: crate::property_graph::StoreInstanceId,
...   |
431 | |     symbol_high_waters: SymbolHighWaters,
432 | | ) -> Result<StorageBuffer<'a, u8>, NativeGraphError> {
    | |____________________________________________________^
    |
    = help: for further information visit https://rust-lang.github.io/rust-clippy/rust-1.93.0/index.html#too_many_arguments

warning: this function has too many arguments (8/7)
   --> crates/zeppelin-embed/src/lifecycle/native_graph/recovery.rs:833:1
    |
833 | / fn validate_native_checkpoint(
834 | |     source: &RecoverySource<'_, '_>,
835 | |     catalog: &RecoveryCatalog<'_, '_>,
836 | |     document: Option<&EmbeddingTower>,
...   |
841 | |     resources: &mut TreeResources<'_>,
842 | | ) -> Result<(), TreeError> {
    | |__________________________^
    |
    = help: for further information visit https://rust-lang.github.io/rust-clippy/rust-1.93.0/index.html#too_many_arguments

warning: this expression creates a reference which is immediately dereferenced by the compiler
   --> crates/zeppelin-embed/src/lifecycle/native_graph/write.rs:212:22
    |
212 |             payload: &payload,
    |                      ^^^^^^^^ help: change this to: `payload`
    |
    = help: for further information visit https://rust-lang.github.io/rust-clippy/rust-1.93.0/index.html#needless_borrow
    = note: `#[warn(clippy::needless_borrow)]` on by default

warning: manual slice size calculation
   --> crates/zeppelin-embed/src/lifecycle/native_graph/write.rs:379:25
    |
379 |                 needed: (receipts.len() * std::mem::size_of::<ItemReceipt>()) as u64,
    |                         ^^^^^^^^^^^^^^^^^^^^^^^^^^^^^^^^^^^^^^^^^^^^^^^^^^^^^ help: try: `std::mem::size_of_val(receipts)`
    |
    = help: for further information visit https://rust-lang.github.io/rust-clippy/rust-1.93.0/index.html#manual_slice_size_calculation
    = note: `#[warn(clippy::manual_slice_size_calculation)]` on by default

warning: call to `std::mem::drop` with a value that does not implement `Drop`. Dropping such a type only extends its contained lifetimes
    --> crates/zeppelin-embed/src/lifecycle/mod.rs:7143:5
     |
7143 |     drop(searcher);
     |     ^^^^^^^^^^^^^^
     |
note: argument has type `graph::search::GraphSearcher<'_>`
    --> crates/zeppelin-embed/src/lifecycle/mod.rs:7143:10
     |
7143 |     drop(searcher);
     |          ^^^^^^^^
     = help: for further information visit https://rust-lang.github.io/rust-clippy/rust-1.93.0/index.html#drop_non_drop
     = note: `#[warn(clippy::drop_non_drop)]` on by default

warning: the following explicit lifetimes could be elided: 'a
    --> crates/zeppelin-embed/src/lifecycle/mod.rs:7457:34
     |
7457 | fn exact_rescore_rows_for_search<'a>(
     |                                  ^^
7458 |     segment: &'a crate::segment::reader::SegmentReader,
     |               ^^
...
7463 | ) -> Result<&'a [f32], QueryError> {
     |              ^^
     |
     = help: for further information visit https://rust-lang.github.io/rust-clippy/rust-1.93.0/index.html#needless_lifetimes
     = note: `#[warn(clippy::needless_lifetimes)]` on by default
help: elide the lifetimes
     |
7457 ~ fn exact_rescore_rows_for_search(
7458 ~     segment: &crate::segment::reader::SegmentReader,
7459 |     #[cfg(any(test, feature = "test-support"))] controller: Option<
 ...
7462 |     #[cfg(any(test, feature = "test-support"))] tier: crate::scan::vector_fault::VectorSearchTier,
7463 ~ ) -> Result<&[f32], QueryError> {
     |

warning: the following explicit lifetimes could be elided: 'a
    --> crates/zeppelin-embed/src/lifecycle/mod.rs:7486:34
     |
7486 | fn query_rescore_rows_for_search<'a>(
     |                                  ^^
7487 |     segment: &'a crate::segment::reader::SegmentReader,
     |               ^^
...
7492 | ) -> Result<&'a [f32], QueryError> {
     |              ^^
     |
     = help: for further information visit https://rust-lang.github.io/rust-clippy/rust-1.93.0/index.html#needless_lifetimes
help: elide the lifetimes
     |
7486 ~ fn query_rescore_rows_for_search(
7487 ~     segment: &crate::segment::reader::SegmentReader,
7488 |     #[cfg(any(test, feature = "test-support"))] controller: Option<
 ...
7491 |     #[cfg(any(test, feature = "test-support"))] tier: crate::scan::vector_fault::VectorSearchTier,
7492 ~ ) -> Result<&[f32], QueryError> {
     |

warning: this `if` has identical blocks
   --> crates/zeppelin-embed/src/property_graph/storage/payload.rs:356:69
    |
356 |       if matches!(role, BlockKind::NodeRecord | BlockKind::RelRecord) {
    |  _____________________________________________________________________^
357 | |         MAX_RECORD_BYTES
358 | |     } else if matches!(
    | |_____^
    |
note: same as this
   --> crates/zeppelin-embed/src/property_graph/storage/payload.rs:361:7
    |
361 |       ) {
    |  _______^
362 | |         MAX_RECORD_BYTES
363 | |     } else {
    | |_____^
    = help: for further information visit https://rust-lang.github.io/rust-clippy/rust-1.93.0/index.html#if_same_then_else
    = note: `#[warn(clippy::if_same_then_else)]` on by default

warning: call to `std::mem::drop` with a value that does not implement `Drop`. Dropping such a type only extends its contained lifetimes
   --> crates/zeppelin-embed/src/property_graph/storage/search/checkpoint.rs:105:5
    |
105 |     drop(view);
    |     ^^^^^^^^^^
    |
note: argument has type `property_graph::storage::search::view::SparseView<'_, '_, S, C>`
   --> crates/zeppelin-embed/src/property_graph/storage/search/checkpoint.rs:105:10
    |
105 |     drop(view);
    |          ^^^^
    = help: for further information visit https://rust-lang.github.io/rust-clippy/rust-1.93.0/index.html#drop_non_drop

warning: this function has too many arguments (12/7)
   --> crates/zeppelin-embed/src/property_graph/storage/search/prepare.rs:137:1
    |
137 | / fn read_root<S: BlockSource>(
138 | |     source: &S,
139 | |     required: Option<RequiredRef>,
140 | |     modality: Modality,
...   |
149 | |     resources: &mut TreeResources<'_>,
150 | | ) -> Result<SparseRootState, TreeError> {
    | |_______________________________________^
    |
    = help: for further information visit https://rust-lang.github.io/rust-clippy/rust-1.93.0/index.html#too_many_arguments

warning: this function has too many arguments (9/7)
   --> crates/zeppelin-embed/src/property_graph/storage/search/prepare.rs:220:1
    |
220 | / fn prepare_source<S: BlockSink>(
221 | |     sink: &mut S,
222 | |     store: crate::property_graph::StoreInstanceId,
223 | |     modality: Modality,
...   |
229 | |     resources: &mut TreeResources<'_>,
230 | | ) -> Result<Option<(PhysicalRef, PayloadRef, u64)>, TreeError> {
    | |______________________________________________________________^
    |
    = help: for further information visit https://rust-lang.github.io/rust-clippy/rust-1.93.0/index.html#too_many_arguments

warning: this function has too many arguments (9/7)
   --> crates/zeppelin-embed/src/property_graph/storage/search/prepare.rs:485:1
    |
485 | / fn install_source<S: BlockSink>(
486 | |     sink: &mut S,
487 | |     mut state: SparseRootState,
488 | |     source: PhysicalRef,
...   |
494 | |     resources: &mut TreeResources<'_>,
495 | | ) -> Result<SparseRootState, TreeError> {
    | |_______________________________________^
    |
    = help: for further information visit https://rust-lang.github.io/rust-clippy/rust-1.93.0/index.html#too_many_arguments

warning: this function has too many arguments (9/7)
   --> crates/zeppelin-embed/src/property_graph/storage/search/prepare.rs:542:1
    |
542 | / fn append_root<S: BlockSink>(
543 | |     sink: &mut S,
544 | |     modality: Modality,
545 | |     store: crate::property_graph::StoreInstanceId,
...   |
551 | |     resources: &mut TreeResources<'_>,
552 | | ) -> Result<PhysicalRef, TreeError> {
    | |___________________________________^
    |
    = help: for further information visit https://rust-lang.github.io/rust-clippy/rust-1.93.0/index.html#too_many_arguments

warning: large size difference between variants
  --> crates/zeppelin-embed/src/property_graph/storage/search/trace.rs:91:1
   |
91 | / enum DirectoryEvent {
92 | |     Reference(PhysicalRef),
   | |     ---------------------- the second-largest variant contains at least 32 bytes
93 | |     Member,
94 | |     Source(SourceState),
   | |     ------------------- the largest variant contains at least 336 bytes
95 | |     Done,
96 | | }
   | |_^ the entire enum is at least 336 bytes
   |
   = help: for further information visit https://rust-lang.github.io/rust-clippy/rust-1.93.0/index.html#large_enum_variant
   = note: `#[warn(clippy::large_enum_variant)]` on by default
help: consider boxing the large fields or introducing indirection in some other way to reduce the total size of the enum
   |
94 -     Source(SourceState),
94 +     Source(Box<SourceState>),
   |

warning: call to `std::mem::drop` with a value that does not implement `Drop`. Dropping such a type only extends its contained lifetimes
   --> crates/zeppelin-embed/src/property_graph/storage/search/trace.rs:439:9
    |
439 |         drop(view);
    |         ^^^^^^^^^^
    |
note: argument has type `property_graph::storage::search::view::SparseView<'_, '_, S, C>`
   --> crates/zeppelin-embed/src/property_graph/storage/search/trace.rs:439:14
    |
439 |         drop(view);
    |              ^^^^
    = help: for further information visit https://rust-lang.github.io/rust-clippy/rust-1.93.0/index.html#drop_non_drop

warning: this function has too many arguments (9/7)
   --> crates/zeppelin-embed/src/property_graph/storage/search/view.rs:295:1
    |
295 | / fn open_descriptor<S: BlockSource>(
296 | |     source: &S,
297 | |     required: RequiredRef,
298 | |     modality: Modality,
...   |
304 | |     resources: &mut TreeResources<'_>,
305 | | ) -> Result<RootDescriptor, TreeError> {
    | |______________________________________^
    |
    = help: for further information visit https://rust-lang.github.io/rust-clippy/rust-1.93.0/index.html#too_many_arguments

warning: this function has too many arguments (10/7)
   --> crates/zeppelin-embed/src/property_graph/storage/search/view.rs:550:5
    |
550 | /     fn resolve_member_row(
551 | |         &self,
552 | |         descriptor: RootDescriptor,
553 | |         modality: Modality,
...   |
560 | |         resources: &mut TreeResources<'_>,
561 | |     ) -> Result<SparseMember<'a, S>, TreeError> {
    | |_______________________________________________^
    |
    = help: for further information visit https://rust-lang.github.io/rust-clippy/rust-1.93.0/index.html#too_many_arguments

warning: manually reimplementing `div_ceil`
    --> crates/zeppelin-embed/src/property_graph/storage/search/view.rs:1014:27
     |
1014 |         let mask_length = (u64::from(manifest.rows) + 7) / 8;
     |                           ^^^^^^^^^^^^^^^^^^^^^^^^^^^^^^^^^^ help: consider using `.div_ceil()`: `u64::from(manifest.rows).div_ceil(8)`
     |
     = help: for further information visit https://rust-lang.github.io/rust-clippy/rust-1.93.0/index.html#manual_div_ceil
     = note: `#[warn(clippy::manual_div_ceil)]` on by default

warning: use of `default` to create a unit struct
   --> crates/zeppelin-embed/src/property_graph/query/expression.rs:542:24
    |
542 |             test_poll: TestPollControl::default(),
    |                        ^^^^^^^^^^^^^^^-----------
    |                                       |
    |                                       help: remove this call to `default`
    |
    = help: for further information visit https://rust-lang.github.io/rust-clippy/rust-1.93.0/index.html#default_constructed_unit_structs
    = note: `#[warn(clippy::default_constructed_unit_structs)]` on by default

warning: the `Err`-variant returned from this function is very large
   --> crates/zeppelin-embed/src/property_graph/query/expression.rs:578:10
    |
578 |     ) -> Result<QueryValue<'a>, ExpressionError> {
    |          ^^^^^^^^^^^^^^^^^^^^^^^^^^^^^^^^^^^^^^^ the `Err`-variant is at least 128 bytes
    |
    = help: try reducing the size of `property_graph::query::expression::ExpressionError`, for example by boxing large elements or replacing it with `Box<property_graph::query::expression::ExpressionError>`
    = help: for further information visit https://rust-lang.github.io/rust-clippy/rust-1.93.0/index.html#result_large_err
    = note: `#[warn(clippy::result_large_err)]` on by default

warning: use `std::ptr::eq` when comparing raw pointers
   --> crates/zeppelin-embed/src/property_graph/query/expression.rs:582:16
    |
582 |             if self.memory != context.memory() as *const _
    |                ^^^^^^^^^^^^^^^^^^^^^^^^^^^^^^^^^^^^^^^^^^^ help: try: `!std::ptr::eq(self.memory, context.memory())`
    |
    = help: for further information visit https://rust-lang.github.io/rust-clippy/rust-1.93.0/index.html#ptr_eq
    = note: `#[warn(clippy::ptr_eq)]` on by default

warning: this `let...else` may be rewritten with the `?` operator
  --> crates/zeppelin-embed/src/property_graph/query/pattern/planner.rs:55:5
   |
55 | /     let Some(operator) = operators.get(node.0 as usize) else {
56 | |         return None;
57 | |     };
   | |______^ help: replace it with: `let operator = operators.get(node.0 as usize)?;`
   |
   = help: for further information visit https://rust-lang.github.io/rust-clippy/rust-1.93.0/index.html#question_mark
   = note: `#[warn(clippy::question_mark)]` on by default

warning: the `Err`-variant returned from this function is very large
  --> crates/zeppelin-embed/src/property_graph/query/pattern/relational/eligibility.rs:50:6
   |
50 | ) -> Result<PreparedEligibility<'v, 'm, 'g>, NativeExecutionError> {
   |      ^^^^^^^^^^^^^^^^^^^^^^^^^^^^^^^^^^^^^^^^^^^^^^^^^^^^^^^^^^^^^
   |
  ::: crates/zeppelin-embed/src/property_graph/query/runtime/native_error.rs:10:5
   |
10 |     Expression(ExpressionError),
   |     --------------------------- the largest variant contains at least 128 bytes
   |
   = help: try reducing the size of `property_graph::query::runtime::native_error::NativeExecutionError`, for example by boxing large elements or replacing it with `Box<property_graph::query::runtime::native_error::NativeExecutionError>`
   = help: for further information visit https://rust-lang.github.io/rust-clippy/rust-1.93.0/index.html#result_large_err

warning: the `Err`-variant returned from this function is very large
  --> crates/zeppelin-embed/src/property_graph/query/pattern/relational.rs:65:10
   |
65 |     ) -> Result<QueryArena<'m, 'g, Self>, NativeExecutionError> {
   |          ^^^^^^^^^^^^^^^^^^^^^^^^^^^^^^^^^^^^^^^^^^^^^^^^^^^^^^
   |
  ::: crates/zeppelin-embed/src/property_graph/query/runtime/native_error.rs:10:5
   |
10 |     Expression(ExpressionError),
   |     --------------------------- the largest variant contains at least 128 bytes
   |
   = help: try reducing the size of `property_graph::query::runtime::native_error::NativeExecutionError`, for example by boxing large elements or replacing it with `Box<property_graph::query::runtime::native_error::NativeExecutionError>`
   = help: for further information visit https://rust-lang.github.io/rust-clippy/rust-1.93.0/index.html#result_large_err

warning: the `Err`-variant returned from this function is very large
   --> crates/zeppelin-embed/src/property_graph/query/pattern/relational.rs:212:10
    |
212 |     ) -> Result<QueryArena<'m, 'g, Self>, NativeExecutionError> {
    |          ^^^^^^^^^^^^^^^^^^^^^^^^^^^^^^^^^^^^^^^^^^^^^^^^^^^^^^
    |
   ::: crates/zeppelin-embed/src/property_graph/query/runtime/native_error.rs:10:5
    |
 10 |     Expression(ExpressionError),
    |     --------------------------- the largest variant contains at least 128 bytes
    |
    = help: try reducing the size of `property_graph::query::runtime::native_error::NativeExecutionError`, for example by boxing large elements or replacing it with `Box<property_graph::query::runtime::native_error::NativeExecutionError>`
    = help: for further information visit https://rust-lang.github.io/rust-clippy/rust-1.93.0/index.html#result_large_err

warning: the `Err`-variant returned from this function is very large
   --> crates/zeppelin-embed/src/property_graph/query/pattern/relational.rs:265:10
    |
265 |     ) -> Result<QueryArena<'m, 'g, Self>, NativeExecutionError> {
    |          ^^^^^^^^^^^^^^^^^^^^^^^^^^^^^^^^^^^^^^^^^^^^^^^^^^^^^^
    |
   ::: crates/zeppelin-embed/src/property_graph/query/runtime/native_error.rs:10:5
    |
 10 |     Expression(ExpressionError),
    |     --------------------------- the largest variant contains at least 128 bytes
    |
    = help: try reducing the size of `property_graph::query::runtime::native_error::NativeExecutionError`, for example by boxing large elements or replacing it with `Box<property_graph::query::runtime::native_error::NativeExecutionError>`
    = help: for further information visit https://rust-lang.github.io/rust-clippy/rust-1.93.0/index.html#result_large_err

warning: the `Err`-variant returned from this function is very large
   --> crates/zeppelin-embed/src/property_graph/query/pattern/relational.rs:374:10
    |
374 |     ) -> Result<bool, NativeExecutionError> {
    |          ^^^^^^^^^^^^^^^^^^^^^^^^^^^^^^^^^^
    |
   ::: crates/zeppelin-embed/src/property_graph/query/runtime/native_error.rs:10:5
    |
 10 |     Expression(ExpressionError),
    |     --------------------------- the largest variant contains at least 128 bytes
    |
    = help: try reducing the size of `property_graph::query::runtime::native_error::NativeExecutionError`, for example by boxing large elements or replacing it with `Box<property_graph::query::runtime::native_error::NativeExecutionError>`
    = help: for further information visit https://rust-lang.github.io/rust-clippy/rust-1.93.0/index.html#result_large_err

warning: the `Err`-variant returned from this function is very large
   --> crates/zeppelin-embed/src/property_graph/query/pattern/relational.rs:403:10
    |
403 |     ) -> Result<bool, NativeExecutionError> {
    |          ^^^^^^^^^^^^^^^^^^^^^^^^^^^^^^^^^^
    |
   ::: crates/zeppelin-embed/src/property_graph/query/runtime/native_error.rs:10:5
    |
 10 |     Expression(ExpressionError),
    |     --------------------------- the largest variant contains at least 128 bytes
    |
    = help: try reducing the size of `property_graph::query::runtime::native_error::NativeExecutionError`, for example by boxing large elements or replacing it with `Box<property_graph::query::runtime::native_error::NativeExecutionError>`
    = help: for further information visit https://rust-lang.github.io/rust-clippy/rust-1.93.0/index.html#result_large_err

warning: the `Err`-variant returned from this function is very large
   --> crates/zeppelin-embed/src/property_graph/query/pattern/relational.rs:522:10
    |
522 |     ) -> Result<bool, NativeExecutionError> {
    |          ^^^^^^^^^^^^^^^^^^^^^^^^^^^^^^^^^^
    |
   ::: crates/zeppelin-embed/src/property_graph/query/runtime/native_error.rs:10:5
    |
 10 |     Expression(ExpressionError),
    |     --------------------------- the largest variant contains at least 128 bytes
    |
    = help: try reducing the size of `property_graph::query::runtime::native_error::NativeExecutionError`, for example by boxing large elements or replacing it with `Box<property_graph::query::runtime::native_error::NativeExecutionError>`
    = help: for further information visit https://rust-lang.github.io/rust-clippy/rust-1.93.0/index.html#result_large_err

warning: the `Err`-variant returned from this function is very large
   --> crates/zeppelin-embed/src/property_graph/query/pattern/relational.rs:599:10
    |
599 |     ) -> Result<bool, NativeExecutionError> {
    |          ^^^^^^^^^^^^^^^^^^^^^^^^^^^^^^^^^^
    |
   ::: crates/zeppelin-embed/src/property_graph/query/runtime/native_error.rs:10:5
    |
 10 |     Expression(ExpressionError),
    |     --------------------------- the largest variant contains at least 128 bytes
    |
    = help: try reducing the size of `property_graph::query::runtime::native_error::NativeExecutionError`, for example by boxing large elements or replacing it with `Box<property_graph::query::runtime::native_error::NativeExecutionError>`
    = help: for further information visit https://rust-lang.github.io/rust-clippy/rust-1.93.0/index.html#result_large_err

warning: large size difference between variants
   --> crates/zeppelin-embed/src/property_graph/query/pattern.rs:128:1
    |
128 | /   enum PhysicalState<'s, 'plan, 'v, 'm, 'g> {
129 | |       Vacant,
130 | |       Anchor {
131 | |           source: usize,
...   |
173 | | /     BoundedExpand {
174 | | |         child: usize,
175 | | |         source: SlotId,
176 | | |         node: SlotId,
...   | |
194 | | |         active: bool,
195 | | |     },
    | | |_____- the largest variant contains at least 1382 bytes
196 | | /     Join {
197 | | |         left: usize,
198 | | |         right: usize,
199 | | |         predicate: Option<ExprId>,
...   | |
209 | | |         next_candidate: usize,
210 | | |     },
    | | |_____- the second-largest variant contains at least 893 bytes
...   |
249 | |       },
250 | |   }
    | |___^ the entire enum is at least 1392 bytes
    |
    = help: for further information visit https://rust-lang.github.io/rust-clippy/rust-1.93.0/index.html#large_enum_variant
help: consider boxing the large fields or introducing indirection in some other way to reduce the total size of the enum
    |
192 -         completed_input: Option<RowBatch<'v, 'm, 'g>>,
192 +         completed_input: Box<Option<RowBatch<'v, 'm, 'g>>>,
    |

warning: the `Err`-variant returned from this function is very large
   --> crates/zeppelin-embed/src/property_graph/query/pattern.rs:310:10
    |
310 |     ) -> Result<Self, NativeExecutionError> {
    |          ^^^^^^^^^^^^^^^^^^^^^^^^^^^^^^^^^^
    |
   ::: crates/zeppelin-embed/src/property_graph/query/runtime/native_error.rs:10:5
    |
 10 |     Expression(ExpressionError),
    |     --------------------------- the largest variant contains at least 128 bytes
    |
    = help: try reducing the size of `property_graph::query::runtime::native_error::NativeExecutionError`, for example by boxing large elements or replacing it with `Box<property_graph::query::runtime::native_error::NativeExecutionError>`
    = help: for further information visit https://rust-lang.github.io/rust-clippy/rust-1.93.0/index.html#result_large_err

warning: the `Err`-variant returned from this function is very large
   --> crates/zeppelin-embed/src/property_graph/query/pattern.rs:345:10
    |
345 |     ) -> Result<bool, NativeExecutionError> {
    |          ^^^^^^^^^^^^^^^^^^^^^^^^^^^^^^^^^^
    |
   ::: crates/zeppelin-embed/src/property_graph/query/runtime/native_error.rs:10:5
    |
 10 |     Expression(ExpressionError),
    |     --------------------------- the largest variant contains at least 128 bytes
    |
    = help: try reducing the size of `property_graph::query::runtime::native_error::NativeExecutionError`, for example by boxing large elements or replacing it with `Box<property_graph::query::runtime::native_error::NativeExecutionError>`
    = help: for further information visit https://rust-lang.github.io/rust-clippy/rust-1.93.0/index.html#result_large_err

warning: deref which would be done by auto-deref
   --> crates/zeppelin-embed/src/property_graph/query/pattern.rs:611:45
    |
611 |                 self.push_projection(index, *projections, values, context)?;
    |                                             ^^^^^^^^^^^^ help: try: `projections`
    |
    = help: for further information visit https://rust-lang.github.io/rust-clippy/rust-1.93.0/index.html#explicit_auto_deref
    = note: `#[warn(clippy::explicit_auto_deref)]` on by default

warning: the `Err`-variant returned from this function is very large
   --> crates/zeppelin-embed/src/property_graph/query/pattern.rs:805:10
    |
805 |     ) -> Result<bool, NativeExecutionError> {
    |          ^^^^^^^^^^^^^^^^^^^^^^^^^^^^^^^^^^
    |
   ::: crates/zeppelin-embed/src/property_graph/query/runtime/native_error.rs:10:5
    |
 10 |     Expression(ExpressionError),
    |     --------------------------- the largest variant contains at least 128 bytes
    |
    = help: try reducing the size of `property_graph::query::runtime::native_error::NativeExecutionError`, for example by boxing large elements or replacing it with `Box<property_graph::query::runtime::native_error::NativeExecutionError>`
    = help: for further information visit https://rust-lang.github.io/rust-clippy/rust-1.93.0/index.html#result_large_err

warning: the `Err`-variant returned from this function is very large
   --> crates/zeppelin-embed/src/property_graph/query/pattern.rs:847:10
    |
847 |     ) -> Result<bool, NativeExecutionError> {
    |          ^^^^^^^^^^^^^^^^^^^^^^^^^^^^^^^^^^
    |
   ::: crates/zeppelin-embed/src/property_graph/query/runtime/native_error.rs:10:5
    |
 10 |     Expression(ExpressionError),
    |     --------------------------- the largest variant contains at least 128 bytes
    |
    = help: try reducing the size of `property_graph::query::runtime::native_error::NativeExecutionError`, for example by boxing large elements or replacing it with `Box<property_graph::query::runtime::native_error::NativeExecutionError>`
    = help: for further information visit https://rust-lang.github.io/rust-clippy/rust-1.93.0/index.html#result_large_err

warning: the `Err`-variant returned from this function is very large
   --> crates/zeppelin-embed/src/property_graph/query/pattern.rs:917:10
    |
917 |     ) -> Result<bool, NativeExecutionError> {
    |          ^^^^^^^^^^^^^^^^^^^^^^^^^^^^^^^^^^
    |
   ::: crates/zeppelin-embed/src/property_graph/query/runtime/native_error.rs:10:5
    |
 10 |     Expression(ExpressionError),
    |     --------------------------- the largest variant contains at least 128 bytes
    |
    = help: try reducing the size of `property_graph::query::runtime::native_error::NativeExecutionError`, for example by boxing large elements or replacing it with `Box<property_graph::query::runtime::native_error::NativeExecutionError>`
    = help: for further information visit https://rust-lang.github.io/rust-clippy/rust-1.93.0/index.html#result_large_err

warning: the `Err`-variant returned from this function is very large
    --> crates/zeppelin-embed/src/property_graph/query/pattern.rs:1004:10
     |
1004 |     ) -> Result<bool, NativeExecutionError> {
     |          ^^^^^^^^^^^^^^^^^^^^^^^^^^^^^^^^^^
     |
    ::: crates/zeppelin-embed/src/property_graph/query/runtime/native_error.rs:10:5
     |
  10 |     Expression(ExpressionError),
     |     --------------------------- the largest variant contains at least 128 bytes
     |
     = help: try reducing the size of `property_graph::query::runtime::native_error::NativeExecutionError`, for example by boxing large elements or replacing it with `Box<property_graph::query::runtime::native_error::NativeExecutionError>`
     = help: for further information visit https://rust-lang.github.io/rust-clippy/rust-1.93.0/index.html#result_large_err

warning: the `Err`-variant returned from this function is very large
    --> crates/zeppelin-embed/src/property_graph/query/pattern.rs:1304:10
     |
1304 |     ) -> Result<bool, NativeExecutionError> {
     |          ^^^^^^^^^^^^^^^^^^^^^^^^^^^^^^^^^^
     |
    ::: crates/zeppelin-embed/src/property_graph/query/runtime/native_error.rs:10:5
     |
  10 |     Expression(ExpressionError),
     |     --------------------------- the largest variant contains at least 128 bytes
     |
     = help: try reducing the size of `property_graph::query::runtime::native_error::NativeExecutionError`, for example by boxing large elements or replacing it with `Box<property_graph::query::runtime::native_error::NativeExecutionError>`
     = help: for further information visit https://rust-lang.github.io/rust-clippy/rust-1.93.0/index.html#result_large_err

warning: the `Err`-variant returned from this function is very large
    --> crates/zeppelin-embed/src/property_graph/query/pattern.rs:1350:10
     |
1350 |     ) -> Result<bool, NativeExecutionError> {
     |          ^^^^^^^^^^^^^^^^^^^^^^^^^^^^^^^^^^
     |
    ::: crates/zeppelin-embed/src/property_graph/query/runtime/native_error.rs:10:5
     |
  10 |     Expression(ExpressionError),
     |     --------------------------- the largest variant contains at least 128 bytes
     |
     = help: try reducing the size of `property_graph::query::runtime::native_error::NativeExecutionError`, for example by boxing large elements or replacing it with `Box<property_graph::query::runtime::native_error::NativeExecutionError>`
     = help: for further information visit https://rust-lang.github.io/rust-clippy/rust-1.93.0/index.html#result_large_err

warning: the `Err`-variant returned from this function is very large
    --> crates/zeppelin-embed/src/property_graph/query/pattern.rs:1397:10
     |
1397 |     ) -> Result<bool, NativeExecutionError> {
     |          ^^^^^^^^^^^^^^^^^^^^^^^^^^^^^^^^^^
     |
    ::: crates/zeppelin-embed/src/property_graph/query/runtime/native_error.rs:10:5
     |
  10 |     Expression(ExpressionError),
     |     --------------------------- the largest variant contains at least 128 bytes
     |
     = help: try reducing the size of `property_graph::query::runtime::native_error::NativeExecutionError`, for example by boxing large elements or replacing it with `Box<property_graph::query::runtime::native_error::NativeExecutionError>`
     = help: for further information visit https://rust-lang.github.io/rust-clippy/rust-1.93.0/index.html#result_large_err

warning: the `Err`-variant returned from this function is very large
    --> crates/zeppelin-embed/src/property_graph/query/pattern.rs:1469:10
     |
1469 |     ) -> Result<bool, NativeExecutionError> {
     |          ^^^^^^^^^^^^^^^^^^^^^^^^^^^^^^^^^^
     |
    ::: crates/zeppelin-embed/src/property_graph/query/runtime/native_error.rs:10:5
     |
  10 |     Expression(ExpressionError),
     |     --------------------------- the largest variant contains at least 128 bytes
     |
     = help: try reducing the size of `property_graph::query::runtime::native_error::NativeExecutionError`, for example by boxing large elements or replacing it with `Box<property_graph::query::runtime::native_error::NativeExecutionError>`
     = help: for further information visit https://rust-lang.github.io/rust-clippy/rust-1.93.0/index.html#result_large_err

warning: the `Err`-variant returned from this function is very large
    --> crates/zeppelin-embed/src/property_graph/query/pattern.rs:1509:10
     |
1509 |     ) -> Result<bool, NativeExecutionError> {
     |          ^^^^^^^^^^^^^^^^^^^^^^^^^^^^^^^^^^
     |
    ::: crates/zeppelin-embed/src/property_graph/query/runtime/native_error.rs:10:5
     |
  10 |     Expression(ExpressionError),
     |     --------------------------- the largest variant contains at least 128 bytes
     |
     = help: try reducing the size of `property_graph::query::runtime::native_error::NativeExecutionError`, for example by boxing large elements or replacing it with `Box<property_graph::query::runtime::native_error::NativeExecutionError>`
     = help: for further information visit https://rust-lang.github.io/rust-clippy/rust-1.93.0/index.html#result_large_err

warning: the `Err`-variant returned from this function is very large
    --> crates/zeppelin-embed/src/property_graph/query/pattern.rs:1551:10
     |
1551 |     ) -> Result<(), NativeExecutionError> {
     |          ^^^^^^^^^^^^^^^^^^^^^^^^^^^^^^^^
     |
    ::: crates/zeppelin-embed/src/property_graph/query/runtime/native_error.rs:10:5
     |
  10 |     Expression(ExpressionError),
     |     --------------------------- the largest variant contains at least 128 bytes
     |
     = help: try reducing the size of `property_graph::query::runtime::native_error::NativeExecutionError`, for example by boxing large elements or replacing it with `Box<property_graph::query::runtime::native_error::NativeExecutionError>`
     = help: for further information visit https://rust-lang.github.io/rust-clippy/rust-1.93.0/index.html#result_large_err

warning: the `Err`-variant returned from this function is very large
    --> crates/zeppelin-embed/src/property_graph/query/pattern.rs:2112:6
     |
2112 | ) -> Result<usize, NativeExecutionError> {
     |      ^^^^^^^^^^^^^^^^^^^^^^^^^^^^^^^^^^^
     |
    ::: crates/zeppelin-embed/src/property_graph/query/runtime/native_error.rs:10:5
     |
  10 |     Expression(ExpressionError),
     |     --------------------------- the largest variant contains at least 128 bytes
     |
     = help: try reducing the size of `property_graph::query::runtime::native_error::NativeExecutionError`, for example by boxing large elements or replacing it with `Box<property_graph::query::runtime::native_error::NativeExecutionError>`
     = help: for further information visit https://rust-lang.github.io/rust-clippy/rust-1.93.0/index.html#result_large_err

warning: the `Err`-variant returned from this function is very large
    --> crates/zeppelin-embed/src/property_graph/query/pattern.rs:2669:6
     |
2669 | ) -> Result<usize, NativeExecutionError> {
     |      ^^^^^^^^^^^^^^^^^^^^^^^^^^^^^^^^^^^
     |
    ::: crates/zeppelin-embed/src/property_graph/query/runtime/native_error.rs:10:5
     |
  10 |     Expression(ExpressionError),
     |     --------------------------- the largest variant contains at least 128 bytes
     |
     = help: try reducing the size of `property_graph::query::runtime::native_error::NativeExecutionError`, for example by boxing large elements or replacing it with `Box<property_graph::query::runtime::native_error::NativeExecutionError>`
     = help: for further information visit https://rust-lang.github.io/rust-clippy/rust-1.93.0/index.html#result_large_err

warning: the `Err`-variant returned from this function is very large
    --> crates/zeppelin-embed/src/property_graph/query/pattern.rs:2690:6
     |
2690 | ) -> Result<(usize, usize), NativeExecutionError> {
     |      ^^^^^^^^^^^^^^^^^^^^^^^^^^^^^^^^^^^^^^^^^^^^
     |
    ::: crates/zeppelin-embed/src/property_graph/query/runtime/native_error.rs:10:5
     |
  10 |     Expression(ExpressionError),
     |     --------------------------- the largest variant contains at least 128 bytes
     |
     = help: try reducing the size of `property_graph::query::runtime::native_error::NativeExecutionError`, for example by boxing large elements or replacing it with `Box<property_graph::query::runtime::native_error::NativeExecutionError>`
     = help: for further information visit https://rust-lang.github.io/rust-clippy/rust-1.93.0/index.html#result_large_err

warning: the `Err`-variant returned from this function is very large
    --> crates/zeppelin-embed/src/property_graph/query/pattern.rs:2716:6
     |
2716 | ) -> Result<bool, NativeExecutionError> {
     |      ^^^^^^^^^^^^^^^^^^^^^^^^^^^^^^^^^^
     |
    ::: crates/zeppelin-embed/src/property_graph/query/runtime/native_error.rs:10:5
     |
  10 |     Expression(ExpressionError),
     |     --------------------------- the largest variant contains at least 128 bytes
     |
     = help: try reducing the size of `property_graph::query::runtime::native_error::NativeExecutionError`, for example by boxing large elements or replacing it with `Box<property_graph::query::runtime::native_error::NativeExecutionError>`
     = help: for further information visit https://rust-lang.github.io/rust-clippy/rust-1.93.0/index.html#result_large_err

warning: the `Err`-variant returned from this function is very large
    --> crates/zeppelin-embed/src/property_graph/query/pattern.rs:2800:6
     |
2800 | ) -> Result<QueryArena<'m, 'g, SlotId>, NativeExecutionError> {
     |      ^^^^^^^^^^^^^^^^^^^^^^^^^^^^^^^^^^^^^^^^^^^^^^^^^^^^^^^^
     |
    ::: crates/zeppelin-embed/src/property_graph/query/runtime/native_error.rs:10:5
     |
  10 |     Expression(ExpressionError),
     |     --------------------------- the largest variant contains at least 128 bytes
     |
     = help: try reducing the size of `property_graph::query::runtime::native_error::NativeExecutionError`, for example by boxing large elements or replacing it with `Box<property_graph::query::runtime::native_error::NativeExecutionError>`
     = help: for further information visit https://rust-lang.github.io/rust-clippy/rust-1.93.0/index.html#result_large_err

warning: the `Err`-variant returned from this function is very large
    --> crates/zeppelin-embed/src/property_graph/query/pattern.rs:2823:6
     |
2823 | ) -> Result<Schema<'m, 'g>, NativeExecutionError> {
     |      ^^^^^^^^^^^^^^^^^^^^^^^^^^^^^^^^^^^^^^^^^^^^
     |
    ::: crates/zeppelin-embed/src/property_graph/query/runtime/native_error.rs:10:5
     |
  10 |     Expression(ExpressionError),
     |     --------------------------- the largest variant contains at least 128 bytes
     |
     = help: try reducing the size of `property_graph::query::runtime::native_error::NativeExecutionError`, for example by boxing large elements or replacing it with `Box<property_graph::query::runtime::native_error::NativeExecutionError>`
     = help: for further information visit https://rust-lang.github.io/rust-clippy/rust-1.93.0/index.html#result_large_err

warning: the `Err`-variant returned from this function is very large
    --> crates/zeppelin-embed/src/property_graph/query/pattern.rs:2839:6
     |
2839 | ) -> Result<Schema<'m, 'g>, NativeExecutionError> {
     |      ^^^^^^^^^^^^^^^^^^^^^^^^^^^^^^^^^^^^^^^^^^^^
     |
    ::: crates/zeppelin-embed/src/property_graph/query/runtime/native_error.rs:10:5
     |
  10 |     Expression(ExpressionError),
     |     --------------------------- the largest variant contains at least 128 bytes
     |
     = help: try reducing the size of `property_graph::query::runtime::native_error::NativeExecutionError`, for example by boxing large elements or replacing it with `Box<property_graph::query::runtime::native_error::NativeExecutionError>`
     = help: for further information visit https://rust-lang.github.io/rust-clippy/rust-1.93.0/index.html#result_large_err

warning: the `Err`-variant returned from this function is very large
    --> crates/zeppelin-embed/src/property_graph/query/pattern.rs:2855:6
     |
2855 | ) -> Result<QueryArena<'m, 'g, RelTypeId>, NativeExecutionError> {
     |      ^^^^^^^^^^^^^^^^^^^^^^^^^^^^^^^^^^^^^^^^^^^^^^^^^^^^^^^^^^^
     |
    ::: crates/zeppelin-embed/src/property_graph/query/runtime/native_error.rs:10:5
     |
  10 |     Expression(ExpressionError),
     |     --------------------------- the largest variant contains at least 128 bytes
     |
     = help: try reducing the size of `property_graph::query::runtime::native_error::NativeExecutionError`, for example by boxing large elements or replacing it with `Box<property_graph::query::runtime::native_error::NativeExecutionError>`
     = help: for further information visit https://rust-lang.github.io/rust-clippy/rust-1.93.0/index.html#result_large_err

warning: the `Err`-variant returned from this function is very large
    --> crates/zeppelin-embed/src/property_graph/query/pattern.rs:2934:6
     |
2934 | ) -> Result<(), NativeExecutionError> {
     |      ^^^^^^^^^^^^^^^^^^^^^^^^^^^^^^^^
     |
    ::: crates/zeppelin-embed/src/property_graph/query/runtime/native_error.rs:10:5
     |
  10 |     Expression(ExpressionError),
     |     --------------------------- the largest variant contains at least 128 bytes
     |
     = help: try reducing the size of `property_graph::query::runtime::native_error::NativeExecutionError`, for example by boxing large elements or replacing it with `Box<property_graph::query::runtime::native_error::NativeExecutionError>`
     = help: for further information visit https://rust-lang.github.io/rust-clippy/rust-1.93.0/index.html#result_large_err

warning: very complex type used. Consider factoring parts into `type` definitions
  --> crates/zeppelin-embed/src/property_graph/query/relational/aggregate.rs:79:10
   |
79 |     ) -> Result<(Self, Option<QueryArena<'m, 'g, Option<usize>>>), RuntimeError> {
   |          ^^^^^^^^^^^^^^^^^^^^^^^^^^^^^^^^^^^^^^^^^^^^^^^^^^^^^^^^^^^^^^^^^^^^^^^
   |
   = help: for further information visit https://rust-lang.github.io/rust-clippy/rust-1.93.0/index.html#type_complexity

warning: `zeppelin-embed` (lib) generated 125 warnings (run `cargo clippy --fix --lib -p zeppelin-embed` to apply 25 suggestions)
    Finished `dev` profile [unoptimized + debuginfo] target(s) in 7.45s
